No,0
0,-46.24865
1,-46.982513
2,-50.24564
3,-42.471478
4,-42.575058
5,-46.584
6,-44.421288
7,-49.49448
8,-41.247505
9,-53.395172
10,-53.183346
11,-50.556877
12,-45.53164
13,-43.979362
14,-55.927315
15,-54.08905
16,-44.56838
17,-46.855125
18,-50.940334
19,-47.135456
20,-44.64319
21,-52.659203
22,-48.165558
23,-42.988785
24,-49.10262
25,-51.658062
26,-49.91468
27,-49.22005
28,-47.427788
29,-58.19195
30,-50.098267
31,-41.138138
32,-52.946724
33,-48.2247
34,-47.221794
35,-47.69053
36,-46.366703
37,-48.744766
38,-48.36822
39,-51.615395
40,-62.38069
41,-40.27716
42,-41.11843
43,-47.346573
44,-46.677876
45,-43.54338
46,-48.509743
47,-50.51264
48,-43.621292
49,-50.385757
50,-45.75184
51,-49.247726
52,-52.539726
53,-46.4106
54,-42.22235
55,-50.132736
56,-48.555107
57,-42.198975
58,-45.41705
59,-43.44206
60,-50.599113
61,-48.33857
62,-48.95965
63,-55.426434
64,-50.824203
65,-42.554523
66,-43.735638
67,-46.057358
68,-48.90139
69,-48.38271
70,-50.21975
71,-47.636948
72,-48.18542
73,-50.635544
74,-49.46137
75,-39.94187
76,-42.417236
77,-42.240517
78,-46.73967
79,-49.725464
80,-46.78854
81,-46.669285
82,-46.545094
83,-51.61998
84,-46.7329
85,-51.539177
86,-45.778473
87,-46.865894
88,-51.77189
89,-48.571346
90,-50.363792
91,-55.18686
92,-45.96511
93,-47.919968
94,-51.274864
95,-47.987717
96,-48.75019
97,-45.96852
98,-46.84494
99,-42.603027
100,-47.42665
101,-43.8993
102,-46.62651
103,-44.799442
104,-49.949852
105,-52.34602
106,-42.57173
107,-50.092907
108,-49.910492
109,-44.058754
110,-43.5121
111,-52.171738
112,-49.550087
113,-44.579826
114,-46.20392
115,-45.551945
116,-48.693962
117,-46.22225
118,-52.526794
119,-45.612175
120,-46.894016
121,-45.56005
122,-48.412125
123,-44.718323
124,-50.411842
125,-44.26935
126,-44.37642
127,-43.129593
128,-46.777435
129,-44.59688
130,-51.045654
131,-46.529922
132,-50.223778
133,-50.106575
134,-44.597366
135,-49.231037
136,-49.46099
137,-46.72987
138,-48.179497
139,-44.06688
140,-56.05609
141,-46.876312
142,-46.615112
143,-48.177444
144,-41.948036
145,-40.39952
146,-37.817085
147,-47.74415
148,-44.23169
149,-50.31377
150,-46.63008
151,-46.561546
152,-53.444077
153,-49.98379
154,-40.46395
155,-48.98763
156,-52.87858
157,-46.260075
158,-51.011948
159,-40.75401
160,-43.977005
161,-50.299183
162,-47.375706
163,-41.864754
164,-46.758347
165,-45.05076
166,-49.815407
167,-43.347878
168,-52.442825
169,-51.60704
170,-41.228554
171,-39.4415
172,-50.161297
173,-52.065655
174,-46.283684
175,-51.116425
176,-44.48379
177,-46.038338
178,-47.31276
179,-45.65846
180,-50.859455
181,-45.19078
182,-46.884926
183,-44.40376
184,-50.244743
185,-47.520817
186,-47.99936
187,-48.803104
188,-49.569565
189,-48.393852
190,-48.99144
191,-50.742054
192,-48.115856
193,-47.090664
194,-48.325436
195,-43.881325
196,-46.801693
197,-45.644783
198,-57.009163
199,-44.450787
200,-46.241486
201,-41.044624
202,-46.47847
203,-44.378242
204,-47.897133
205,-54.96737
206,-43.998993
207,-54.977295
208,-45.53073
209,-42.935364
210,-46.30677
211,-50.081745
212,-52.753975
213,-51.18995
214,-55.624504
215,-41.083374
216,-50.181297
217,-53.353172
218,-42.885166
219,-48.60772
220,-49.01769
221,-41.505966
222,-46.994255
223,-42.87943
224,-49.14667
225,-43.359497
226,-54.101395
227,-51.060184
228,-50.308895
229,-49.57359
230,-47.952934
231,-45.918785
232,-47.144882
233,-53.403587
234,-46.79049
235,-50.59837
236,-43.983894
237,-51.35029
238,-51.08416
239,-42.75038
240,-44.279472
241,-44.598454
242,-49.041996
243,-52.8452
244,-46.26982
245,-53.881058
246,-40.67137
247,-45.963882
248,-53.259445
249,-46.172768
250,-42.53477
251,-48.10396
252,-58.694088
253,-47.142555
254,-49.346886
255,-46.79017
256,-54.999107
257,-49.448845
258,-41.419235
259,-48.00967
260,-49.10236
261,-52.62793
262,-47.490326
263,-51.109585
264,-43.988792
265,-39.18799
266,-45.041023
267,-49.053913
268,-50.304512
269,-47.6247
270,-47.287483
271,-43.373043
272,-46.788486
273,-48.447193
274,-46.420685
275,-43.075428
276,-50.291206
277,-47.557854
278,-46.959007
279,-48.709408
280,-47.67302
281,-48.964912
282,-49.135048
283,-39.966747
284,-50.890587
285,-47.89392
286,-45.587593
287,-50.613716
288,-44.9986
289,-47.12986
290,-50.331562
291,-60.516087
292,-46.222622
293,-44.58656
294,-45.197193
295,-53.816566
296,-47.912876
297,-50.75132
298,-50.48075
299,-43.98085
300,-48.587086
301,-44.97789
302,-53.588406
303,-45.634705
304,-46.63929
305,-49.965385
306,-51.20018
307,-48.391834
308,-50.36037
309,-45.20787
310,-51.347393
311,-53.31582
312,-52.403496
313,-41.37349
314,-41.93151
315,-53.11624
316,-49.957653
317,-54.5048
318,-47.47461
319,-48.629723
320,-51.442772
321,-47.308907
322,-48.13095
323,-47.42637
324,-46.305946
325,-45.365013
326,-53.43145
327,-43.37892
328,-47.343334
329,-40.73152
330,-49.64475
331,-46.8006
332,-48.61837
333,-50.850464
334,-42.52578
335,-46.30573
336,-54.789276
337,-49.53077
338,-51.567818
339,-46.58917
340,-48.411682
341,-58.578285
342,-46.91086
343,-48.729256
344,-46.713463
345,-46.373985
346,-40.601173
347,-43.444595
348,-49.71927
349,-50.082047
350,-43.30336
351,-57.15378
352,-43.785545
353,-51.259315
354,-44.40622
355,-45.785038
356,-47.003258
357,-50.217888
358,-47.397736
359,-48.562164
360,-46.566093
361,-46.041054
362,-44.474495
363,-48.574665
364,-46.01224
365,-43.920662
366,-48.77768
367,-47.750248
368,-47.287292
369,-48.587322
370,-58.255566
371,-48.53808
372,-44.021317
373,-46.569572
374,-50.129166
375,-52.982895
376,-41.852554
377,-44.92544
378,-44.735077
379,-50.71343
380,-41.936123
381,-42.926033
382,-41.03393
383,-42.735687
384,-45.321007
385,-45.624256
386,-49.357952
387,-41.92488
388,-51.06498
389,-47.193
390,-51.446888
391,-50.678783
392,-45.37742
393,-44.45368
394,-51.29229
395,-52.132824
396,-46.562508
397,-45.920895
398,-48.425842
399,-45.277763
400,-49.515297
401,-49.36966
402,-48.298462
403,-54.05329
404,-45.990505
405,-47.609756
406,-51.33795
407,-42.685677
408,-43.245132
409,-45.54712
410,-46.19948
411,-48.24431
412,-52.13874
413,-45.223427
414,-42.427315
415,-47.850098
416,-58.453796
417,-47.840996
418,-44.880253
419,-46.202858
420,-50.130127
421,-45.29398
422,-43.14267
423,-50.205383
424,-60.833267
425,-53.807594
426,-46.593388
427,-48.274315
428,-52.45449
429,-43.043777
430,-44.241432
431,-48.617916
432,-53.26509
433,-48.06798
434,-48.769283
435,-44.482887
436,-47.78819
437,-51.892822
438,-43.289173
439,-52.534462
440,-55.78579
441,-46.41546
442,-50.561115
443,-39.86947
444,-48.787045
445,-50.582012
446,-50.271
447,-47.616287
448,-53.289062
449,-53.43344
450,-50.122032
451,-52.672592
452,-48.086143
453,-48.6396
454,-42.791832
455,-40.054367
456,-49.346718
457,-50.10234
458,-47.73609
459,-46.322445
460,-52.159782
461,-49.841846
462,-44.740532
463,-51.938457
464,-45.72914
465,-45.2424
466,-52.817913
467,-56.487793
468,-46.942345
469,-44.48758
470,-43.812508
471,-50.40522
472,-47.182404
473,-45.243233
474,-44.011986
475,-49.119553
476,-48.44088
477,-47.359608
478,-56.894493
479,-50.626026
480,-49.42955
481,-53.664436
482,-45.51913
483,-47.149086
484,-46.313343
485,-45.232506
486,-47.752605
487,-56.46118
488,-46.6444
489,-52.865494
490,-47.559685
491,-44.745544
492,-46.70322
493,-45.76234
494,-45.18363
495,-45.229294
496,-48.106743
497,-45.43495
498,-50.832027
499,-46.094208
500,-45.279793
501,-51.46293
502,-54.62432
503,-48.328705
504,-51.049988
505,-55.70655
506,-45.338722
507,-47.906723
508,-53.64318
509,-45.56833
510,-50.467213
511,-46.724842
512,-45.218216
513,-46.91588
514,-42.427628
515,-48.417477
516,-43.686447
517,-38.47547
518,-42.585644
519,-42.35193
520,-46.911842
521,-45.16701
522,-44.606354
523,-41.508587
524,-47.21855
525,-52.207928
526,-43.590313
527,-46.04238
528,-52.11131
529,-51.56327
530,-45.418777
531,-47.348423
532,-49.542667
533,-47.18026
534,-50.48181
535,-49.38838
536,-48.629818
537,-50.127823
538,-46.19017
539,-48.920002
540,-52.25032
541,-44.387745
542,-48.989014
543,-51.525402
544,-46.405647
545,-44.843292
546,-46.390816
547,-48.281017
548,-47.031315
549,-44.132103
550,-48.364723
551,-50.41468
552,-49.722584
553,-48.65975
554,-46.87831
555,-47.37641
556,-47.998066
557,-51.33364
558,-43.55678
559,-53.662113
560,-57.934715
561,-49.446175
562,-49.87114
563,-43.77781
564,-46.531837
565,-53.819542
566,-57.54413
567,-43.63445
568,-44.575024
569,-48.178345
570,-58.29941
571,-46.946697
572,-50.038944
573,-47.731667
574,-46.321823
575,-44.74113
576,-52.67344
577,-42.934387
578,-49.709526
579,-48.950813
580,-56.814796
581,-49.15332
582,-50.24646
583,-50.089813
584,-49.829025
585,-47.735428
586,-63.3024
587,-48.777996
588,-52.72091
589,-50.12154
590,-43.032
591,-47.090397
592,-46.746273
593,-46.463554
594,-44.462746
595,-42.308525
596,-45.320164
597,-47.87526
598,-44.735565
599,-48.11921
600,-42.42224
601,-45.26944
602,-42.36033
603,-50.068703
604,-44.965336
605,-45.065945
606,-46.27395
607,-49.152786
608,-48.41015
609,-45.978218
610,-43.423126
611,-48.582703
612,-40.220634
613,-51.25108
614,-45.7154
615,-50.852383
616,-51.482597
617,-52.853886
618,-47.54076
619,-41.12203
620,-45.402557
621,-47.95507
622,-47.198303
623,-54.581932
624,-50.54065
625,-48.306877
626,-45.86338
627,-45.6046
628,-56.793346
629,-53.862972
630,-47.197937
631,-50.17167
632,-44.46971
633,-49.04769
634,-49.209694
635,-47.40473
636,-51.086304
637,-47.315186
638,-39.360477
639,-46.65752
640,-45.221016
641,-47.78483
642,-52.336395
643,-49.96486
644,-42.78276
645,-46.687767
646,-47.366516
647,-41.974037
648,-47.727562
649,-48.204353
650,-49.87225
651,-53.63925
652,-44.1765
653,-44.584633
654,-49.04323
655,-43.99186
656,-47.107616
657,-45.877525
658,-45.39894
659,-46.42641
660,-53.640488
661,-44.548664
662,-44.151337
663,-46.215736
664,-44.41175
665,-47.60474
666,-50.261044
667,-49.65347
668,-51.254692
669,-47.999836
670,-51.70637
671,-46.289127
672,-44.06991
673,-49.019905
674,-49.16707
675,-45.347878
676,-48.308296
677,-48.058655
678,-52.49018
679,-47.52175
680,-45.918247
681,-46.06589
682,-50.453117
683,-46.717175
684,-49.278137
685,-52.238205
686,-52.96749
687,-49.089203
688,-44.617466
689,-49.484657
690,-47.366287
691,-45.25641
692,-51.619606
693,-47.175682
694,-54.453865
695,-46.08581
696,-47.957047
697,-47.329536
698,-42.002472
699,-40.95697
700,-49.036957
701,-55.22471
702,-50.976173
703,-45.410137
704,-61.029457
705,-40.914677
706,-43.81633
707,-52.353043
708,-48.89886
709,-52.87094
710,-46.28263
711,-49.444885
712,-43.035545
713,-43.069862
714,-44.415657
715,-56.191998
716,-55.025887
717,-47.482372
718,-47.856133
719,-44.016144
720,-49.840145
721,-53.748028
722,-48.82791
723,-51.52231
724,-43.840218
725,-55.755733
726,-45.70469
727,-41.15022
728,-45.336746
729,-42.170017
730,-47.977146
731,-43.09279
732,-46.405342
733,-48.497654
734,-48.860626
735,-50.0439
736,-50.63233
737,-42.474453
738,-43.713417
739,-46.267624
740,-47.357956
741,-54.537926
742,-46.465324
743,-55.050396
744,-43.861465
745,-45.742493
746,-50.886482
747,-51.24835
748,-58.326057
749,-56.104744
750,-47.9116
751,-50.039497
752,-48.39579
753,-36.63649
754,-50.333115
755,-45.672707
756,-50.911026
757,-47.639675
758,-51.100212
759,-48.698975
760,-43.753376
761,-46.648186
762,-41.96949
763,-49.71161
764,-47.12832
765,-47.154278
766,-45.480507
767,-50.89108
768,-50.90876
769,-53.01444
770,-43.0558
771,-51.272682
772,-49.266514
773,-43.702133
774,-52.53276
775,-48.566948
776,-44.080025
777,-51.724968
778,-49.572655
779,-43.993973
780,-47.077576
781,-48.30839
782,-48.28754
783,-50.944565
784,-46.36123
785,-42.86428
786,-46.834595
787,-42.28734
788,-47.027634
789,-46.295555
790,-42.85511
791,-46.108837
792,-46.41815
793,-48.272217
794,-45.14901
795,-54.593285
796,-47.852615
797,-54.788765
798,-48.47229
799,-48.436356
800,-46.31474
801,-49.377186
802,-46.61004
803,-50.419487
804,-56.258766
805,-46.402576
806,-48.313995
807,-54.239166
808,-45.756844
809,-48.570877
810,-48.722427
811,-42.676987
812,-50.6027
813,-47.22264
814,-41.855194
815,-51.151333
816,-42.26921
817,-46.17494
818,-52.52702
819,-43.03022
820,-45.570534
821,-47.52491
822,-45.494415
823,-53.612217
824,-46.170715
825,-48.334564
826,-51.41037
827,-52.47323
828,-51.139343
829,-43.43243
830,-50.617966
831,-46.204674
832,-52.774567
833,-49.59063
834,-50.526627
835,-51.101772
836,-49.62227
837,-54.449368
838,-50.507767
839,-44.14717
840,-42.197693
841,-44.868835
842,-56.15863
843,-38.900597
844,-47.669487
845,-53.36117
846,-45.45421
847,-51.447426
848,-43.94844
849,-47.220936
850,-55.66382
851,-42.606728
852,-53.32139
853,-47.77964
854,-44.874386
855,-47.97362
856,-43.588448
857,-50.77356
858,-44.772736
859,-47.702248
860,-47.784306
861,-44.64943
862,-46.227592
863,-51.887863
864,-44.639217
865,-51.29448
866,-46.718952
867,-43.56456
868,-55.263145
869,-44.853844
870,-47.80056
871,-43.788574
872,-46.99518
873,-46.20958
874,-50.438065
875,-43.12748
876,-52.67321
877,-51.10933
878,-52.464863
879,-50.514183
880,-42.5553
881,-50.037815
882,-42.400024
883,-43.30606
884,-47.301563
885,-50.899055
886,-47.17995
887,-43.29133
888,-52.331947
889,-48.474083
890,-55.686287
891,-52.36575
892,-41.027313
893,-48.440845
894,-43.157867
895,-44.281265
896,-49.496296
897,-47.889515
898,-50.461563
899,-46.64153
900,-48.456177
901,-49.703682
902,-52.133114
903,-49.770706
904,-47.393127
905,-49.10878
906,-46.860077
907,-52.46811
908,-49.550713
909,-46.366287
910,-48.291664
911,-41.808468
912,-44.300842
913,-44.229904
914,-45.141
915,-47.252815
916,-49.03163
917,-49.939434
918,-50.067863
919,-42.647163
920,-44.22769
921,-41.395622
922,-50.15587
923,-44.754677
924,-50.94937
925,-53.424965
926,-46.972153
927,-46.267277
928,-47.690987
929,-42.902744
930,-52.261944
931,-48.194084
932,-47.144463
933,-58.168068
934,-55.61011
935,-41.13306
936,-49.593857
937,-59.376072
938,-45.230694
939,-46.747974
940,-42.68013
941,-52.403526
942,-46.6664
943,-45.031284
944,-47.328064
945,-41.893173
946,-50.34723
947,-44.61051
948,-43.529076
949,-44.57096
950,-43.93756
951,-51.675453
952,-47.946297
953,-55.41093
954,-46.23741
955,-45.43608
956,-43.33126
957,-50.109196
958,-50.192627
959,-45.86888
960,-41.724567
961,-43.239082
962,-53.11865
963,-45.641132
964,-46.670708
965,-45.282047
966,-44.402306
967,-44.004982
968,-46.206383
969,-45.78489
970,-50.407722
971,-42.312218
972,-49.798206
973,-64.550644
974,-54.141113
975,-47.921066
976,-43.051617
977,-53.10402
978,-42.81347
979,-46.56998
980,-49.174576
981,-53.718166
982,-43.78123
983,-48.90548
984,-47.967625
985,-44.43331
986,-46.379562
987,-45.27423
988,-53.21943
989,-47.709175
990,-56.145973
991,-50.57896
992,-53.332626
993,-44.88681
994,-45.3752
995,-48.713684
996,-52.54411
997,-49.634174
998,-55.363167
999,-50.577377
1000,-53.376785
1001,-44.797962
1002,-43.478096
1003,-45.608376
1004,-51.00251
1005,-50.452312
1006,-45.617188
1007,-42.324112
1008,-49.64381
1009,-46.893
1010,-50.109158
1011,-45.634136
1012,-46.390408
1013,-51.335342
1014,-41.538147
1015,-51.431892
1016,-44.764313
1017,-44.269238
1018,-45.05592
1019,-53.869778
1020,-50.20476
1021,-48.13492
1022,-48.64305
1023,-49.007504
1024,-51.27195
1025,-55.49982
1026,-46.784714
1027,-48.505783
1028,-46.093864
1029,-44.139595
1030,-48.70393
1031,-50.178974
1032,-48.584236
1033,-46.60202
1034,-56.452164
1035,-50.980766
1036,-48.272724
1037,-44.868538
1038,-50.049664
1039,-44.196167
1040,-45.946705
1041,-48.07303
1042,-47.48452
1043,-54.290173
1044,-46.37185
1045,-47.675873
1046,-49.538292
1047,-43.570236
1048,-43.924103
1049,-46.792946
1050,-48.83918
1051,-44.087452
1052,-46.35604
1053,-55.319653
1054,-45.29078
1055,-51.655167
1056,-49.980377
1057,-51.835304
1058,-42.245358
1059,-44.570923
1060,-45.135117
1061,-50.109344
1062,-48.925156
1063,-48.97399
1064,-45.022217
1065,-46.559944
1066,-46.813232
1067,-39.79787
1068,-49.684628
1069,-45.228577
1070,-44.255066
1071,-45.350647
1072,-42.397205
1073,-51.451294
1074,-51.032173
1075,-47.145687
1076,-52.918484
1077,-46.75645
1078,-48.18927
1079,-40.829327
1080,-49.591934
1081,-51.31743
1082,-45.10433
1083,-51.476467
1084,-47.084106
1085,-46.14267
1086,-46.785706
1087,-44.33606
1088,-51.173504
1089,-45.306015
1090,-48.961952
1091,-46.17945
1092,-53.595985
1093,-53.725674
1094,-53.874374
1095,-46.43387
1096,-48.342537
1097,-47.512703
1098,-51.504456
1099,-46.436928
1100,-42.648163
1101,-44.230015
1102,-45.34362
1103,-47.227386
1104,-57.795654
1105,-49.016342
1106,-47.66079
1107,-40.901535
1108,-50.600952
1109,-43.87278
1110,-48.619957
1111,-45.774708
1112,-47.84152
1113,-54.417305
1114,-39.65219
1115,-48.71532
1116,-46.55958
1117,-61.1521
1118,-51.45311
1119,-58.27861
1120,-48.86575
1121,-51.728676
1122,-48.513412
1123,-49.07116
1124,-51.856342
1125,-51.77217
1126,-47.423626
1127,-44.477654
1128,-42.78763
1129,-49.183586
1130,-47.859283
1131,-47.428753
1132,-44.86981
1133,-47.556427
1134,-45.108727
1135,-45.388958
1136,-41.72078
1137,-53.09274
1138,-44.711975
1139,-48.971333
1140,-50.652298
1141,-47.81144
1142,-46.787903
1143,-45.431156
1144,-53.862263
1145,-40.140823
1146,-44.022186
1147,-49.547714
1148,-47.172184
1149,-47.046795
1150,-41.74353
1151,-47.17003
1152,-46.67497
1153,-50.203163
1154,-43.85444
1155,-55.52205
1156,-46.198547
1157,-45.010868
1158,-47.076096
1159,-49.116814
1160,-47.392822
1161,-48.685097
1162,-43.451664
1163,-55.084747
1164,-49.18703
1165,-52.03028
1166,-50.016075
1167,-46.832123
1168,-48.10524
1169,-46.5384
1170,-55.51534
1171,-46.741707
1172,-48.166946
1173,-51.81999
1174,-49.949112
1175,-41.187828
1176,-51.744324
1177,-51.504486
1178,-53.593933
1179,-54.031265
1180,-58.150448
1181,-48.495167
1182,-46.51332
1183,-44.25321
1184,-44.45835
1185,-52.008194
1186,-46.021004
1187,-47.045006
1188,-47.480804
1189,-52.882244
1190,-45.6112
1191,-49.65109
1192,-51.46772
1193,-46.157516
1194,-40.81772
1195,-47.55993
1196,-50.72708
1197,-48.451584
1198,-48.74939
1199,-44.605675
1200,-51.471596
1201,-50.63591
1202,-52.8928
1203,-48.030872
1204,-48.891537
1205,-45.472137
1206,-51.247116
1207,-47.680405
1208,-46.197357
1209,-47.381447
1210,-45.753067
1211,-46.33574
1212,-47.279938
1213,-45.442955
1214,-47.49996
1215,-52.234722
1216,-49.609386
1217,-50.982067
1218,-51.627975
1219,-56.789684
1220,-54.44996
1221,-51.228096
1222,-53.913208
1223,-47.265663
1224,-48.01637
1225,-54.40184
1226,-42.910866
1227,-55.70751
1228,-48.246025
1229,-53.51264
1230,-50.78633
1231,-44.64415
1232,-46.261784
1233,-43.45396
1234,-45.053207
1235,-45.25839
1236,-51.991932
1237,-42.35718
1238,-43.999985
1239,-45.87525
1240,-47.714737
1241,-45.33284
1242,-50.83379
1243,-47.770065
1244,-51.122093
1245,-43.65544
1246,-42.15517
1247,-50.384617
1248,-48.059044
1249,-60.850235
1250,-45.026955
1251,-45.297752
1252,-47.535507
1253,-48.417618
1254,-48.476974
1255,-44.605274
1256,-54.37851
1257,-51.21891
1258,-45.333836
1259,-52.653713
1260,-47.184105
1261,-49.46611
1262,-46.025726
1263,-48.13895
1264,-54.41424
1265,-50.397217
1266,-47.21518
1267,-53.2285
1268,-47.855896
1269,-45.512024
1270,-53.53488
1271,-51.07505
1272,-41.37471
1273,-56.84336
1274,-48.948795
1275,-43.902145
1276,-50.58667
1277,-47.84182
1278,-53.487762
1279,-44.03469
1280,-47.98739
1281,-49.720284
1282,-62.74066
1283,-48.95724
1284,-47.95685
1285,-43.74636
1286,-48.55531
1287,-43.56942
1288,-47.724636
1289,-45.535233
1290,-52.536568
1291,-50.203228
1292,-51.708076
1293,-47.635033
1294,-43.134586
1295,-49.070065
1296,-45.118786
1297,-47.661873
1298,-42.16938
1299,-47.116722
1300,-55.780655
1301,-53.65837
1302,-46.223976
1303,-48.070328
1304,-46.103077
1305,-43.932823
1306,-46.213448
1307,-43.018883
1308,-48.002716
1309,-48.640106
1310,-46.509907
1311,-45.464184
1312,-50.92541
1313,-43.356655
1314,-49.78615
1315,-49.540623
1316,-47.89769
1317,-53.01696
1318,-52.349144
1319,-43.159737
1320,-45.279114
1321,-49.082664
1322,-58.498905
1323,-50.42653
1324,-51.064404
1325,-43.06552
1326,-47.295036
1327,-47.127647
1328,-45.769997
1329,-44.975613
1330,-44.18254
1331,-46.472507
1332,-52.033092
1333,-47.54718
1334,-41.46487
1335,-46.419003
1336,-44.881622
1337,-45.27651
1338,-50.907494
1339,-53.08542
1340,-50.647614
1341,-47.800842
1342,-44.469875
1343,-44.68151
1344,-50.458836
1345,-51.675087
1346,-47.578568
1347,-47.256012
1348,-55.98597
1349,-44.319668
1350,-44.15255
1351,-49.531918
1352,-51.579563
1353,-43.97512
1354,-49.632206
1355,-53.517372
1356,-52.217495
1357,-54.58944
1358,-45.199417
1359,-47.11049
1360,-45.91474
1361,-44.399483
1362,-43.68257
1363,-40.9956
1364,-42.854683
1365,-46.529457
1366,-46.78051
1367,-43.708843
1368,-56.70735
1369,-45.506382
1370,-44.034004
1371,-50.65633
1372,-44.8273
1373,-48.656082
1374,-44.893
1375,-50.464935
1376,-49.929886
1377,-43.96055
1378,-49.354347
1379,-51.835648
1380,-45.852657
1381,-49.53934
1382,-51.10604
1383,-50.711678
1384,-42.54864
1385,-48.962524
1386,-44.086525
1387,-43.754448
1388,-46.878944
1389,-51.729477
1390,-47.005226
1391,-45.397106
1392,-41.85508
1393,-49.569427
1394,-45.38445
1395,-49.668087
1396,-50.251602
1397,-48.198334
1398,-48.75013
1399,-45.265816
1400,-45.217888
1401,-49.493004
1402,-48.90577
1403,-47.34559
1404,-46.465958
1405,-41.60955
1406,-44.018097
1407,-53.91096
1408,-47.02697
1409,-47.739807
1410,-44.526443
1411,-52.291992
1412,-49.325455
1413,-49.68034
1414,-48.101883
1415,-53.49668
1416,-47.469395
1417,-48.822914
1418,-47.119267
1419,-45.941696
1420,-41.08197
1421,-41.778717
1422,-44.698433
1423,-43.27899
1424,-52.138733
1425,-54.872204
1426,-44.005386
1427,-44.06349
1428,-50.348827
1429,-44.84393
1430,-46.068745
1431,-50.16549
1432,-38.9174
1433,-51.773006
1434,-48.537277
1435,-46.42884
1436,-45.732155
1437,-43.583626
1438,-49.44958
1439,-45.173157
1440,-49.525528
1441,-44.0254
1442,-51.006256
1443,-46.58847
1444,-49.736214
1445,-46.20291
1446,-49.83225
1447,-47.909054
1448,-46.33545
1449,-45.914066
1450,-40.613976
1451,-45.151237
1452,-48.269974
1453,-44.419624
1454,-49.03152
1455,-52.25871
1456,-50.537064
1457,-39.787544
1458,-54.606598
1459,-50.662064
1460,-47.10628
1461,-50.50025
1462,-52.067905
1463,-52.32998
1464,-48.86804
1465,-49.97499
1466,-43.979378
1467,-42.262962
1468,-52.182877
1469,-45.031963
1470,-46.876522
1471,-43.52369
1472,-46.27721
1473,-40.613247
1474,-51.069256
1475,-46.292915
1476,-49.47914
1477,-50.224926
1478,-46.442566
1479,-43.91023
1480,-47.488003
1481,-42.336327
1482,-55.109947
1483,-44.732483
1484,-52.78007
1485,-50.629242
1486,-45.95044
1487,-49.55058
1488,-38.78227
1489,-48.138557
1490,-47.934166
1491,-55.2696
1492,-55.946434
1493,-44.754345
1494,-49.843803
1495,-49.79565
1496,-44.494934
1497,-43.965073
1498,-45.990623
1499,-42.9209
1500,-44.064636
1501,-53.73466
1502,-50.18197
1503,-51.383038
1504,-48.592537
1505,-41.36148
1506,-42.369232
1507,-51.21446
1508,-50.85992
1509,-53.899765
1510,-42.01697
1511,-46.38801
1512,-42.044758
1513,-52.0931
1514,-45.760017
1515,-44.907112
1516,-42.04547
1517,-54.14762
1518,-44.012936
1519,-54.210175
1520,-50.017323
1521,-45.520645
1522,-40.239204
1523,-43.933098
1524,-45.99379
1525,-49.051533
1526,-45.851036
1527,-44.826317
1528,-48.94883
1529,-42.428352
1530,-48.485573
1531,-53.297073
1532,-45.85299
1533,-44.86955
1534,-48.171112
1535,-48.4469
1536,-46.88841
1537,-51.797928
1538,-45.233948
1539,-46.501907
1540,-48.222378
1541,-52.950573
1542,-42.070618
1543,-59.878487
1544,-51.2722
1545,-52.033546
1546,-47.997234
1547,-50.57093
1548,-47.7638
1549,-46.058434
1550,-48.861687
1551,-53.50145
1552,-51.570206
1553,-50.33764
1554,-47.979668
1555,-48.32801
1556,-46.198917
1557,-45.229485
1558,-44.189358
1559,-47.92202
1560,-50.656418
1561,-45.710266
1562,-42.066174
1563,-47.62722
1564,-40.95044
1565,-46.40481
1566,-52.852028
1567,-50.657333
1568,-41.84069
1569,-43.807545
1570,-46.618046
1571,-41.541676
1572,-46.05265
1573,-42.57668
1574,-47.53363
1575,-43.51938
1576,-44.844986
1577,-50.215343
1578,-43.829758
1579,-47.975082
1580,-57.894417
1581,-45.2129
1582,-42.12967
1583,-44.960327
1584,-52.856003
1585,-42.40588
1586,-45.716164
1587,-46.807236
1588,-44.042107
1589,-44.826984
1590,-48.144558
1591,-42.268463
1592,-45.5943
1593,-51.18428
1594,-54.16317
1595,-46.432
1596,-46.583237
1597,-52.87841
1598,-53.472992
1599,-46.116844
1600,-57.65576
1601,-47.4006
1602,-47.84477
1603,-54.084766
1604,-43.422455
1605,-51.184593
1606,-50.51929
1607,-50.965714
1608,-49.50895
1609,-52.94226
1610,-50.46272
1611,-52.81026
1612,-47.472958
1613,-44.464233
1614,-46.18929
1615,-44.438416
1616,-42.917942
1617,-46.881977
1618,-44.665054
1619,-50.654694
1620,-49.555565
1621,-47.657543
1622,-53.50518
1623,-43.376556
1624,-52.086678
1625,-42.89215
1626,-53.301746
1627,-49.013573
1628,-49.23886
1629,-52.969273
1630,-52.32704
1631,-49.200157
1632,-47.367535
1633,-46.887733
1634,-51.51324
1635,-55.630928
1636,-56.5095
1637,-44.295498
1638,-46.148758
1639,-50.626778
1640,-49.254547
1641,-46.38172
1642,-50.88954
1643,-46.52627
1644,-43.033043
1645,-54.88048
1646,-57.934967
1647,-45.986107
1648,-52.255714
1649,-42.591255
1650,-46.759068
1651,-45.565086
1652,-48.013924
1653,-51.00786
1654,-52.03322
1655,-44.1735
1656,-45.200523
1657,-47.172417
1658,-44.177547
1659,-44.721348
1660,-53.758354
1661,-45.27129
1662,-53.515053
1663,-42.28856
1664,-45.994537
1665,-44.244892
1666,-47.22542
1667,-49.463753
1668,-53.211853
1669,-48.38648
1670,-47.949806
1671,-42.42788
1672,-48.558067
1673,-47.420143
1674,-52.206383
1675,-48.056747
1676,-50.99756
1677,-40.19529
1678,-44.969025
1679,-56.867096
1680,-47.79677
1681,-47.982697
1682,-47.94297
1683,-50.206566
1684,-43.664482
1685,-43.82103
1686,-54.1718
1687,-53.996426
1688,-56.069565
1689,-53.511444
1690,-46.024242
1691,-52.148407
1692,-44.12611
1693,-52.219624
1694,-40.754463
1695,-46.299538
1696,-49.123783
1697,-43.804867
1698,-47.09869
1699,-51.726105
1700,-43.095345
1701,-52.08433
1702,-48.589912
1703,-48.148968
1704,-44.567856
1705,-48.787827
1706,-48.036278
1707,-54.53251
1708,-51.80864
1709,-44.115143
1710,-43.141357
1711,-49.669895
1712,-44.18712
1713,-50.07488
1714,-44.867973
1715,-51.019775
1716,-46.569347
1717,-53.1966
1718,-45.181923
1719,-51.358902
1720,-47.276073
1721,-42.291466
1722,-46.38224
1723,-53.509888
1724,-46.25183
1725,-56.56008
1726,-50.210682
1727,-55.434784
1728,-47.932503
1729,-50.034573
1730,-49.120705
1731,-46.46978
1732,-44.309135
1733,-45.29153
1734,-56.33847
1735,-43.71949
1736,-51.81157
1737,-49.759293
1738,-49.95886
1739,-48.69883
1740,-48.0197
1741,-49.71016
1742,-56.519104
1743,-55.583992
1744,-46.508297
1745,-56.608315
1746,-42.132954
1747,-47.161407
1748,-46.590363
1749,-44.05971
1750,-55.20577
1751,-44.602734
1752,-49.256695
1753,-40.2586
1754,-45.5198
1755,-44.40771
1756,-44.767975
1757,-49.743187
1758,-50.535324
1759,-47.643658
1760,-48.814148
1761,-40.4317
1762,-47.10306
1763,-49.170757
1764,-46.16483
1765,-49.22482
1766,-47.173252
1767,-41.82298
1768,-58.159904
1769,-48.9513
1770,-48.631508
1771,-51.85252
1772,-55.697098
1773,-54.93342
1774,-54.656857
1775,-44.31629
1776,-51.61027
1777,-49.664967
1778,-47.45626
1779,-52.101677
1780,-41.331055
1781,-47.277737
1782,-44.467815
1783,-48.826866
1784,-54.16855
1785,-49.807884
1786,-45.63938
1787,-46.699577
1788,-43.47909
1789,-56.45734
1790,-44.976715
1791,-42.29584
1792,-46.395897
1793,-44.600693
1794,-45.63369
1795,-44.888527
1796,-52.63588
1797,-42.647926
1798,-45.374153
1799,-42.863667
1800,-44.913452
1801,-38.28356
1802,-54.845848
1803,-52.181843
1804,-49.253548
1805,-43.886208
1806,-50.977287
1807,-47.342796
1808,-56.75015
1809,-56.84786
1810,-44.366722
1811,-46.33239
1812,-46.487144
1813,-45.090965
1814,-49.38884
1815,-57.476517
1816,-45.168274
1817,-41.389343
1818,-46.743538
1819,-44.72178
1820,-47.05011
1821,-45.424255
1822,-47.152245
1823,-44.140602
1824,-49.01622
1825,-45.271866
1826,-42.716866
1827,-45.74214
1828,-46.779343
1829,-51.378075
1830,-44.643265
1831,-48.95175
1832,-46.843674
1833,-56.31299
1834,-50.694504
1835,-51.859936
1836,-53.964165
1837,-55.628937
1838,-51.73307
1839,-44.89786
1840,-45.447258
1841,-45.67044
1842,-48.62983
1843,-44.47597
1844,-57.123867
1845,-45.220337
1846,-43.77244
1847,-49.16934
1848,-45.75619
1849,-52.221447
1850,-50.027607
1851,-46.375626
1852,-51.29811
1853,-53.272675
1854,-45.64611
1855,-44.4475
1856,-48.737633
1857,-49.375683
1858,-46.08307
1859,-44.444202
1860,-53.66513
1861,-52.850655
1862,-40.72935
1863,-48.119637
1864,-43.942818
1865,-53.184765
1866,-48.81843
1867,-45.36724
1868,-50.879333
1869,-45.608177
1870,-51.316322
1871,-54.166218
1872,-45.207542
1873,-43.071785
1874,-51.303604
1875,-46.337795
1876,-49.609463
1877,-52.325752
1878,-44.362076
1879,-49.442932
1880,-50.96045
1881,-46.489197
1882,-48.74004
1883,-50.70413
1884,-55.887817
1885,-46.998413
1886,-46.734528
1887,-49.095745
1888,-49.296642
1889,-45.04536
1890,-43.867813
1891,-48.026474
1892,-51.9095
1893,-46.226677
1894,-44.975357
1895,-45.64187
1896,-45.07208
1897,-48.59688
1898,-50.144318
1899,-48.913445
1900,-57.393623
1901,-47.031464
1902,-48.91517
1903,-47.873085
1904,-51.508926
1905,-48.19871
1906,-47.804832
1907,-47.947514
1908,-49.48739
1909,-45.15319
1910,-55.16271
1911,-51.832684
1912,-51.539837
1913,-49.153603
1914,-48.303955
1915,-40.92331
1916,-52.16255
1917,-47.05809
1918,-50.811237
1919,-50.28585
1920,-57.35028
1921,-46.887444
1922,-49.1261
1923,-49.363617
1924,-40.74674
1925,-50.12886
1926,-46.11908
1927,-57.404762
1928,-49.40059
1929,-46.64634
1930,-55.194466
1931,-47.425476
1932,-47.151405
1933,-44.351242
1934,-50.960793
1935,-54.247
1936,-44.32369
1937,-49.18297
1938,-55.72357
1939,-44.01856
1940,-55.878143
1941,-50.40728
1942,-43.79992
1943,-50.491085
1944,-51.633972
1945,-39.78791
1946,-49.713615
1947,-43.752453
1948,-47.52208
1949,-46.219402
1950,-46.91097
1951,-50.426758
1952,-47.470108
1953,-53.18837
1954,-45.425278
1955,-48.172943
1956,-51.43434
1957,-52.801537
1958,-44.66107
1959,-49.54305
1960,-40.779984
1961,-49.522125
1962,-47.431023
1963,-43.701065
1964,-47.92542
1965,-45.96608
1966,-41.87825
1967,-45.013428
1968,-51.888702
1969,-45.616325
1970,-44.54566
1971,-48.31821
1972,-44.8529
1973,-46.861786
1974,-47.864014
1975,-51.94088
1976,-46.717743
1977,-57.675636
1978,-45.209316
1979,-50.111763
1980,-53.847443
1981,-46.374565
1982,-50.467308
1983,-41.879288
1984,-46.311172
1985,-46.859444
1986,-43.821205
1987,-47.848198
1988,-44.515312
1989,-43.727547
1990,-53.31117
1991,-50.441147
1992,-46.36156
1993,-49.921463
1994,-47.27763
1995,-47.483204
1996,-46.042915
1997,-50.855934
1998,-54.284355
1999,-43.086136
2000,-52.47139
2001,-50.296017
2002,-51.7784
2003,-46.486465
2004,-48.31088
2005,-54.730927
2006,-44.10537
2007,-42.90579
2008,-40.445625
2009,-43.961994
2010,-47.65187
2011,-51.909676
2012,-49.126183
2013,-48.529175
2014,-49.51145
2015,-48.367203
2016,-45.662495
2017,-52.981277
2018,-48.834618
2019,-41.882042
2020,-49.31295
2021,-50.255978
2022,-47.03391
2023,-49.62328
2024,-51.324688
2025,-51.158844
2026,-43.94586
2027,-46.0438
2028,-48.165405
2029,-46.144344
2030,-56.449303
2031,-58.581974
2032,-53.361855
2033,-44.420933
2034,-52.469376
2035,-49.454887
2036,-46.234825
2037,-43.97378
2038,-53.6805
2039,-48.772846
2040,-46.089233
2041,-44.10044
2042,-40.092964
2043,-44.312298
2044,-44.699165
2045,-56.616028
2046,-50.034748
2047,-47.63971
2048,-55.623226
2049,-44.536644
2050,-49.06225
2051,-52.784214
2052,-48.041897
2053,-48.253487
2054,-45.510986
2055,-46.13022
2056,-49.80277
2057,-43.24717
2058,-47.213917
2059,-51.19583
2060,-49.84013
2061,-43.32957
2062,-42.487907
2063,-43.328384
2064,-45.977776
2065,-41.60666
2066,-45.647495
2067,-49.25534
2068,-49.91091
2069,-51.405117
2070,-47.83635
2071,-48.374786
2072,-55.55954
2073,-43.043884
2074,-49.740856
2075,-43.732883
2076,-45.77263
2077,-48.754826
2078,-47.269012
2079,-48.639633
2080,-48.55699
2081,-65.14828
2082,-45.83619
2083,-51.703777
2084,-52.137077
2085,-45.42369
2086,-48.310726
2087,-44.05771
2088,-49.91965
2089,-51.12928
2090,-46.124004
2091,-59.706516
2092,-48.97097
2093,-44.500454
2094,-53.597443
2095,-50.95307
2096,-54.206436
2097,-43.856617
2098,-40.367416
2099,-47.984035
2100,-50.068
2101,-53.477825
2102,-53.09288
2103,-53.76844
2104,-50.14223
2105,-45.07531
2106,-47.83807
2107,-46.098534
2108,-44.648613
2109,-49.258976
2110,-49.09227
2111,-46.389244
2112,-53.684677
2113,-45.906326
2114,-48.01642
2115,-48.3639
2116,-53.96667
2117,-45.3035
2118,-50.607594
2119,-50.741478
2120,-44.98481
2121,-46.056686
2122,-49.95633
2123,-53.707626
2124,-47.22333
2125,-47.199078
2126,-46.440796
2127,-47.7943
2128,-48.46742
2129,-47.87275
2130,-43.1458
2131,-42.852123
2132,-45.89628
2133,-48.259132
2134,-44.114117
2135,-52.994797
2136,-45.197132
2137,-45.56172
2138,-48.07512
2139,-48.545708
2140,-45.596375
2141,-45.690792
2142,-46.77233
2143,-44.401085
2144,-51.1389
2145,-48.532257
2146,-45.503616
2147,-41.00703
2148,-47.455406
2149,-49.940132
2150,-43.539696
2151,-54.035744
2152,-47.358635
2153,-43.8973
2154,-47.219536
2155,-51.305573
2156,-48.70608
2157,-39.98167
2158,-48.61991
2159,-40.99717
2160,-43.348373
2161,-53.714355
2162,-46.539375
2163,-43.51195
2164,-40.523052
2165,-43.56077
2166,-44.248344
2167,-46.42671
2168,-51.351868
2169,-43.987
2170,-51.15068
2171,-44.994114
2172,-45.104908
2173,-41.60553
2174,-44.735924
2175,-47.432323
2176,-44.545967
2177,-45.81454
2178,-41.58779
2179,-51.817635
2180,-46.563423
2181,-43.595703
2182,-41.458557
2183,-47.750793
2184,-45.228653
2185,-57.673782
2186,-48.73099
2187,-44.958336
2188,-42.445763
2189,-43.494583
2190,-52.507736
2191,-46.41305
2192,-45.542923
2193,-47.286697
2194,-51.55138
2195,-44.536392
2196,-43.16244
2197,-50.33307
2198,-44.59388
2199,-47.0708
2200,-40.72644
2201,-53.50022
2202,-50.120083
2203,-53.31597
2204,-51.58667
2205,-47.57145
2206,-45.31852
2207,-47.1735
2208,-56.209015
2209,-45.49033
2210,-51.348427
2211,-45.31759
2212,-50.236076
2213,-47.048252
2214,-50.405655
2215,-42.032646
2216,-49.618217
2217,-46.842674
2218,-45.872826
2219,-44.83481
2220,-46.22211
2221,-47.23332
2222,-49.855423
2223,-43.980507
2224,-40.261944
2225,-43.776047
2226,-39.70679
2227,-44.857765
2228,-44.50213
2229,-52.213623
2230,-50.457024
2231,-56.67982
2232,-48.91803
2233,-49.425995
2234,-44.390507
2235,-50.6548
2236,-43.35885
2237,-48.3497
2238,-44.24979
2239,-46.952873
2240,-44.113983
2241,-55.56167
2242,-45.003426
2243,-43.27563
2244,-48.176796
2245,-52.756783
2246,-47.076828
2247,-55.509415
2248,-44.809807
2249,-43.36461
2250,-40.36589
2251,-46.53796
2252,-46.842384
2253,-49.01717
2254,-51.061768
2255,-42.82283
2256,-50.10563
2257,-46.30987
2258,-48.34017
2259,-45.54065
2260,-55.212334
2261,-40.495266
2262,-41.701042
2263,-47.706135
2264,-48.63739
2265,-48.718117
2266,-46.65969
2267,-42.99934
2268,-42.734695
2269,-55.60286
2270,-51.59628
2271,-41.95224
2272,-48.161606
2273,-42.063545
2274,-42.224236
2275,-49.43387
2276,-49.769413
2277,-51.737617
2278,-56.546783
2279,-46.23065
2280,-53.124336
2281,-52.56289
2282,-55.45582
2283,-46.776222
2284,-46.159554
2285,-44.363304
2286,-44.40692
2287,-50.944298
2288,-38.547752
2289,-51.434593
2290,-41.694153
2291,-48.461674
2292,-52.66726
2293,-44.311646
2294,-50.8421
2295,-40.039955
2296,-45.6047
2297,-45.696808
2298,-46.414143
2299,-47.716705
2300,-40.143814
2301,-49.68757
2302,-46.474743
2303,-42.57729
2304,-53.625042
2305,-51.64248
2306,-45.350723
2307,-42.833908
2308,-42.229958
2309,-54.2046
2310,-50.234314
2311,-51.828903
2312,-45.83838
2313,-45.994297
2314,-43.17623
2315,-49.131546
2316,-49.47684
2317,-44.233818
2318,-46.174706
2319,-50.51853
2320,-46.080032
2321,-47.434517
2322,-51.292595
2323,-50.586224
2324,-44.31488
2325,-47.708664
2326,-42.865913
2327,-45.73771
2328,-42.69308
2329,-49.058746
2330,-41.88769
2331,-45.903595
2332,-46.91755
2333,-43.05594
2334,-42.879032
2335,-50.160713
2336,-46.913643
2337,-42.683525
2338,-55.496063
2339,-41.400864
2340,-51.582123
2341,-43.23027
2342,-46.56212
2343,-46.13849
2344,-43.316525
2345,-45.664085
2346,-47.8457
2347,-41.07493
2348,-43.868164
2349,-51.451866
2350,-47.568493
2351,-50.019524
2352,-47.48694
2353,-49.38749
2354,-57.257416
2355,-43.146698
2356,-54.74514
2357,-47.81407
2358,-47.300148
2359,-47.339516
2360,-49.364517
2361,-51.39353
2362,-44.58249
2363,-47.371323
2364,-47.516945
2365,-50.22158
2366,-57.64022
2367,-55.43412
2368,-51.270996
2369,-50.123825
2370,-47.859566
2371,-40.862362
2372,-44.507126
2373,-41.32293
2374,-52.70507
2375,-49.560738
2376,-40.19772
2377,-44.279503
2378,-53.914967
2379,-45.926888
2380,-47.537918
2381,-45.76632
2382,-44.010933
2383,-43.135395
2384,-51.171776
2385,-44.971947
2386,-47.21374
2387,-45.54507
2388,-45.734894
2389,-48.53997
2390,-53.574432
2391,-44.748634
2392,-45.713535
2393,-46.87068
2394,-47.879288
2395,-47.219997
2396,-47.46228
2397,-43.242203
2398,-48.864716
2399,-40.752197
2400,-50.070816
2401,-44.00277
2402,-50.105026
2403,-45.60537
2404,-55.878735
2405,-50.57522
2406,-53.1739
2407,-47.28483
2408,-42.50864
2409,-53.01265
2410,-45.962635
2411,-56.233334
2412,-45.238937
2413,-45.61711
2414,-50.667442
2415,-45.694084
2416,-47.229553
2417,-53.812515
2418,-45.044384
2419,-45.918224
2420,-39.596367
2421,-43.996586
2422,-45.4043
2423,-47.07589
2424,-46.606056
2425,-40.43492
2426,-45.211655
2427,-48.468796
2428,-46.666153
2429,-43.81939
2430,-46.729916
2431,-44.62693
2432,-46.22979
2433,-46.138847
2434,-38.347313
2435,-45.88403
2436,-47.732086
2437,-46.053642
2438,-61.396538
2439,-50.559998
2440,-48.984726
2441,-44.549133
2442,-46.115295
2443,-39.02079
2444,-49.24974
2445,-42.150383
2446,-46.59169
2447,-46.62442
2448,-51.781006
2449,-55.089123
2450,-51.64173
2451,-45.775356
2452,-43.618904
2453,-42.97534
2454,-50.147705
2455,-51.054924
2456,-43.850025
2457,-50.6876
2458,-46.250854
2459,-42.385284
2460,-45.395954
2461,-49.18354
2462,-45.94025
2463,-48.97123
2464,-55.40602
2465,-45.681465
2466,-48.80668
2467,-46.880882
2468,-41.668907
2469,-55.254913
2470,-47.606667
2471,-44.208878
2472,-42.546875
2473,-51.014297
2474,-48.87007
2475,-44.030464
2476,-47.53466
2477,-46.414757
2478,-44.220234
2479,-48.028435
2480,-44.92498
2481,-42.556866
2482,-41.680893
2483,-46.148193
2484,-49.84478
2485,-54.067432
2486,-51.66979
2487,-44.59085
2488,-46.569603
2489,-43.923294
2490,-42.1506
2491,-50.290123
2492,-51.92571
2493,-42.785454
2494,-49.796806
2495,-44.86039
2496,-52.526684
2497,-51.579815
2498,-42.228645
2499,-42.127968
2500,-49.145355
2501,-52.25093
2502,-46.522873
2503,-50.20649
2504,-49.170235
2505,-47.053555
2506,-47.319298
2507,-50.699005
2508,-53.374065
2509,-53.308815
2510,-43.483025
2511,-47.05779
2512,-43.57681
2513,-42.91693
2514,-52.48928
2515,-49.666485
2516,-49.12316
2517,-42.72908
2518,-50.0504
2519,-44.4986
2520,-49.18985
2521,-45.742695
2522,-48.997562
2523,-44.88092
2524,-40.79934
2525,-44.703186
2526,-44.265556
2527,-42.57067
2528,-40.428062
2529,-51.461937
2530,-42.42526
2531,-53.306942
2532,-46.289593
2533,-51.370705
2534,-50.75685
2535,-49.689198
2536,-39.138893
2537,-51.196766
2538,-45.935127
2539,-46.931057
2540,-47.86087
2541,-41.65114
2542,-49.613747
2543,-51.76546
2544,-44.357567
2545,-47.32828
2546,-51.934475
2547,-53.15466
2548,-51.56964
2549,-47.21565
2550,-48.091076
2551,-44.620235
2552,-51.846706
2553,-41.578613
2554,-45.57154
2555,-46.463135
2556,-46.388264
2557,-49.122932
2558,-45.846382
2559,-48.075653
2560,-45.172035
2561,-49.774544
2562,-48.943005
2563,-45.45569
2564,-43.96379
2565,-46.454185
2566,-56.73712
2567,-48.488087
2568,-41.038876
2569,-42.78724
2570,-44.86946
2571,-51.7611
2572,-45.48368
2573,-48.020195
2574,-47.613304
2575,-55.0156
2576,-47.727184
2577,-45.54142
2578,-45.404694
2579,-52.91021
2580,-45.817078
2581,-41.21077
2582,-53.526493
2583,-45.53575
2584,-42.51512
2585,-51.4215
2586,-45.265198
2587,-50.418327
2588,-36.996387
2589,-43.650436
2590,-47.413105
2591,-47.528305
2592,-50.468002
2593,-48.51922
2594,-46.889473
2595,-45.814575
2596,-50.43094
2597,-50.2072
2598,-42.64975
2599,-46.752857
2600,-45.191483
2601,-43.388412
2602,-46.37007
2603,-46.722702
2604,-48.43985
2605,-44.687798
2606,-46.333168
2607,-49.238808
2608,-51.59361
2609,-55.041664
2610,-44.67257
2611,-44.128075
2612,-52.462852
2613,-47.561558
2614,-57.011185
2615,-45.16815
2616,-44.98463
2617,-61.481514
2618,-44.92312
2619,-43.67183
2620,-53.121185
2621,-42.970493
2622,-46.201065
2623,-47.1455
2624,-48.92958
2625,-49.26765
2626,-41.28391
2627,-46.00505
2628,-52.672478
2629,-41.825592
2630,-45.921986
2631,-42.45913
2632,-43.717117
2633,-48.012833
2634,-50.39821
2635,-54.843117
2636,-46.908276
2637,-49.776146
2638,-41.874825
2639,-49.679947
2640,-51.140022
2641,-47.06315
2642,-46.36917
2643,-45.72782
2644,-48.68341
2645,-45.2956
2646,-46.119423
2647,-48.15979
2648,-44.22697
2649,-44.58738
2650,-44.629684
2651,-60.988167
2652,-49.823364
2653,-48.314674
2654,-48.79262
2655,-51.77817
2656,-44.713478
2657,-45.708073
2658,-46.586193
2659,-53.589558
2660,-55.393227
2661,-55.576557
2662,-44.437565
2663,-48.017452
2664,-49.81607
2665,-48.189896
2666,-46.66198
2667,-50.444923
2668,-45.778492
2669,-54.608536
2670,-41.17753
2671,-51.102623
2672,-50.049564
2673,-50.692368
2674,-54.940887
2675,-45.633644
2676,-39.099743
2677,-49.2371
2678,-46.316284
2679,-50.75242
2680,-40.333183
2681,-48.49397
2682,-49.272995
2683,-46.058556
2684,-49.045395
2685,-43.955177
2686,-43.81581
2687,-47.27021
2688,-44.310917
2689,-57.467888
2690,-47.88797
2691,-55.37579
2692,-40.90236
2693,-44.666832
2694,-48.725792
2695,-43.296005
2696,-47.95792
2697,-47.541054
2698,-48.5028
2699,-51.155533
2700,-55.281822
2701,-45.45568
2702,-45.21794
2703,-46.322716
2704,-48.365868
2705,-43.72032
2706,-45.854134
2707,-38.48396
2708,-45.73227
2709,-44.575867
2710,-51.205223
2711,-45.124245
2712,-45.92629
2713,-40.4894
2714,-53.60327
2715,-56.859264
2716,-45.997475
2717,-48.17166
2718,-45.668045
2719,-49.810417
2720,-48.121002
2721,-44.686775
2722,-42.994877
2723,-43.9387
2724,-48.230854
2725,-43.03089
2726,-46.196976
2727,-50.767097
2728,-49.074326
2729,-47.53704
2730,-48.98544
2731,-43.230377
2732,-42.498795
2733,-49.128853
2734,-54.530518
2735,-43.456646
2736,-43.870705
2737,-46.507378
2738,-44.05117
2739,-57.250076
2740,-43.276028
2741,-50.45385
2742,-47.180237
2743,-43.454018
2744,-47.525276
2745,-58.55191
2746,-44.749153
2747,-49.824097
2748,-47.04174
2749,-47.005737
2750,-40.62178
2751,-41.519318
2752,-44.19972
2753,-43.576653
2754,-52.03678
2755,-41.167156
2756,-47.831078
2757,-46.45063
2758,-49.498363
2759,-49.602196
2760,-46.821236
2761,-49.351837
2762,-45.91987
2763,-54.918976
2764,-48.3899
2765,-43.74805
2766,-48.51232
2767,-50.938866
2768,-45.640953
2769,-43.8566
2770,-45.283752
2771,-45.03482
2772,-46.49272
2773,-45.262466
2774,-48.924896
2775,-49.97567
2776,-49.93386
2777,-49.717926
2778,-45.736584
2779,-44.56427
2780,-57.744476
2781,-52.33245
2782,-45.134018
2783,-48.000854
2784,-52.23056
2785,-45.65103
2786,-56.420273
2787,-44.00621
2788,-49.805523
2789,-48.30268
2790,-43.352333
2791,-49.437183
2792,-48.502937
2793,-48.704346
2794,-50.636208
2795,-46.70893
2796,-46.93663
2797,-46.293587
2798,-47.18412
2799,-51.094284
2800,-48.4469
2801,-55.83321
2802,-47.58201
2803,-49.418724
2804,-47.52956
2805,-49.071037
2806,-47.088123
2807,-46.62388
2808,-54.883244
2809,-50.104515
2810,-50.04045
2811,-53.484505
2812,-46.888634
2813,-55.360497
2814,-42.820286
2815,-47.727047
2816,-55.172447
2817,-43.671455
2818,-59.61459
2819,-51.439713
2820,-48.540848
2821,-46.33638
2822,-41.987446
2823,-57.15782
2824,-46.763554
2825,-54.448822
2826,-51.60507
2827,-45.623367
2828,-43.028534
2829,-50.964897
2830,-46.20124
2831,-60.487606
2832,-51.16856
2833,-49.937317
2834,-44.52884
2835,-43.962124
2836,-50.35218
2837,-44.009277
2838,-47.260483
2839,-45.01963
2840,-42.62964
2841,-44.34786
2842,-49.60086
2843,-48.00824
2844,-41.76664
2845,-47.221306
2846,-45.001312
2847,-48.190105
2848,-43.61177
2849,-44.867085
2850,-48.156036
2851,-48.879646
2852,-45.987556
2853,-45.95117
2854,-53.531857
2855,-49.303856
2856,-45.719986
2857,-49.896378
2858,-48.290176
2859,-45.138855
2860,-56.120632
2861,-53.19027
2862,-49.352615
2863,-53.157288
2864,-57.35501
2865,-59.448013
2866,-46.04663
2867,-47.353737
2868,-48.84949
2869,-45.85626
2870,-51.622715
2871,-47.0349
2872,-46.58352
2873,-54.9456
2874,-45.41629
2875,-45.63065
2876,-49.833992
2877,-46.34429
2878,-53.60623
2879,-48.786606
2880,-51.72139
2881,-39.872704
2882,-51.155163
2883,-45.51311
2884,-38.84585
2885,-40.203217
2886,-51.087547
2887,-42.823734
2888,-43.31985
2889,-49.683117
2890,-47.51437
2891,-42.448586
2892,-41.332664
2893,-46.48362
2894,-45.47237
2895,-49.606945
2896,-46.234123
2897,-46.29802
2898,-52.3061
2899,-39.562134
2900,-49.473938
2901,-52.417007
2902,-44.55597
2903,-44.836433
2904,-52.27925
2905,-41.939598
2906,-46.735962
2907,-40.92427
2908,-45.879818
2909,-50.79706
2910,-52.38554
2911,-41.950912
2912,-50.25841
2913,-42.91111
2914,-49.18868
2915,-42.94027
2916,-46.578014
2917,-49.119324
2918,-46.279083
2919,-47.62413
2920,-45.985344
2921,-47.21878
2922,-49.76394
2923,-45.336365
2924,-50.71067
2925,-46.321648
2926,-47.310074
2927,-49.764328
2928,-41.697987
2929,-48.869705
2930,-48.508606
2931,-45.66459
2932,-43.62633
2933,-44.77232
2934,-42.990807
2935,-49.485146
2936,-49.853317
2937,-43.47106
2938,-44.70238
2939,-48.60022
2940,-43.7182
2941,-48.289528
2942,-45.13618
2943,-49.125484
2944,-48.927795
2945,-51.502926
2946,-46.250088
2947,-44.849216
2948,-49.06657
2949,-50.526604
2950,-42.944115
2951,-49.178204
2952,-41.34965
2953,-46.16269
2954,-44.394096
2955,-45.435802
2956,-50.380646
2957,-46.784866
2958,-46.13807
2959,-50.198425
2960,-49.112434
2961,-49.37787
2962,-45.157257
2963,-45.356964
2964,-46.295906
2965,-45.19506
2966,-44.147324
2967,-49.385735
2968,-45.366188
2969,-47.538895
2970,-46.631374
2971,-49.841553
2972,-46.821293
2973,-52.176178
2974,-42.630386
2975,-53.4833
2976,-45.516018
2977,-44.399303
2978,-44.38568
2979,-47.859104
2980,-43.30207
2981,-45.62085
2982,-42.856487
2983,-52.95904
2984,-44.413776
2985,-47.090256
2986,-47.164284
2987,-42.400513
2988,-44.216644
2989,-44.39531
2990,-47.178116
2991,-44.721012
2992,-48.600906
2993,-52.282585
2994,-45.744907
2995,-46.18274
2996,-48.224785
2997,-53.224007
2998,-49.493988
2999,-48.060593
3000,-44.262157
3001,-49.912636
3002,-50.24277
3003,-46.55961
3004,-46.970345
3005,-44.577316
3006,-45.01516
3007,-54.34214
3008,-52.234497
3009,-44.833733
3010,-42.315742
3011,-45.536636
3012,-52.021828
3013,-51.97099
3014,-48.037235
3015,-40.831764
3016,-41.344196
3017,-47.082947
3018,-50.85547
3019,-49.74155
3020,-50.988453
3021,-51.1609
