date,account_value,account_value,account_value
2016/1/4,1000000,1000000,1000000
2016/1/5,1000173.409,1000153.917,1000224.009
2016/1/6,998268.559,997652.6289,996716.1292
2016/1/7,995111.2057,993554.0216,991589.6704
2016/1/8,993176.557,991138.6098,990481.0497
2016/1/11,990059.7322,988186.1829,988154.0804
2016/1/12,991724.434,991067.9429,989582.6102
2016/1/13,989658.2718,987879.9116,986812.4421
2016/1/14,987558.8782,983250.7433,984224.62
2016/1/15,981624.8754,977448.0844,977697.215
2016/1/19,984106.6663,980085.1081,980602.426
2016/1/20,973362.9915,967520.5853,973958.9298
2016/1/21,978400.1677,973030.3687,977647.7812
2016/1/22,985819.5585,979868.2993,981066.8365
2016/1/25,982625.0281,977593.2374,979798.8788
2016/1/26,984082.6444,978971.2165,979956.0123
2016/1/27,985808.4785,981107.3018,982434.3131
2016/1/28,984718.0648,979968.693,979507.4138
2016/1/29,992082.0277,991449.025,992551.3337
2016/2/1,994527.1846,996571.378,997283.3915
2016/2/2,989002.2035,988587.8304,987395.3723
2016/2/3,985711.4832,983859.6394,982231.1255
2016/2/4,989929.2822,988758.6292,987631.1256
2016/2/5,984333.8316,982389.0276,983854.8439
2016/2/8,969557.0768,960418.8246,963100.5852
2016/2/9,971439.771,960252.4263,963257.3436
2016/2/10,978269.8284,968786.2568,970474.3253
2016/2/11,965568.4222,946038.1941,946843.2389
2016/2/12,975506.1206,959167.1086,957778.0334
2016/2/16,987269.596,974850.5994,975579.8241
2016/2/17,997541.9169,989332.7625,990727.0042
2016/2/18,998442.1022,990891.7953,993413.3043
2016/2/19,992583.6907,983663.4664,986256.9103
2016/2/22,1006788.131,998045.0226,1000071.424
2016/2/23,1003568.525,992514.0591,992112.6992
2016/2/24,992588.2811,978930.6979,979205.6626
2016/2/25,1007924.569,995999.5408,994769.7383
2016/2/26,1012753.797,1005521.447,1004070.946
2016/2/29,1006466.016,998274.6567,997122.4164
2016/3/1,1012711.714,1007458.366,1008415.302
2016/3/2,1018441.996,1014402.577,1016703.754
2016/3/3,1020256.93,1014316.654,1017407.34
2016/3/4,1026733.131,1022893.68,1025899.683
2016/3/7,1025132.221,1019961.446,1024420.055
2016/3/8,1024295.32,1015860.227,1021216.145
2016/3/9,1027204.053,1013934.856,1020153.249
2016/3/10,1026016.817,1011103.394,1018642.2
2016/3/11,1037531.543,1022451.165,1030868.063
2016/3/14,1039701.572,1024136.462,1032445.426
2016/3/15,1037258.921,1020953.387,1028067.966
2016/3/16,1043380.72,1025338.398,1033106.316
2016/3/17,1051075.823,1030630.046,1040675.737
2016/3/18,1059626.547,1042833.408,1054944.715
2016/3/21,1060553.599,1044724.088,1059818.696
2016/3/22,1059545.903,1041456.343,1055843.115
2016/3/23,1056879.257,1038543.376,1052012.672
2016/3/24,1052040.46,1031467.851,1041923.037
2016/3/28,1057218.807,1037968.108,1049773.64
2016/3/29,1058412.336,1036838.69,1047975.185
2016/3/30,1072985.686,1051609.922,1063379.514
2016/3/31,1074328.285,1051691.539,1062966.653
2016/4/1,1076438.795,1051069.527,1062973.044
2016/4/4,1085926.754,1057427.867,1068571.414
2016/4/5,1076965.089,1045428.252,1053662.596
2016/4/6,1072398.384,1038164.672,1043749.296
2016/4/7,1072998.923,1040048.199,1043794.296
2016/4/8,1073222.474,1040782.726,1045291.342
2016/4/11,1072031.25,1042416.221,1046107.866
2016/4/12,1084559.023,1060009.039,1068015.32
2016/4/13,1089789.968,1066470.33,1076099.281
2016/4/14,1090439.272,1065906.982,1074480.541
2016/4/15,1092846.418,1065496.497,1073003.882
2016/4/18,1095083.696,1074688.215,1082458.274
2016/4/19,1096839.833,1080333.556,1091745.204
2016/4/20,1094388.396,1077931.911,1088830.133
2016/4/21,1086417.537,1071567.351,1080304.693
2016/4/22,1084388.721,1067509.916,1076679.558
2016/4/25,1086096.066,1068593.538,1076989.052
2016/4/26,1088270.667,1072648.481,1079538.293
2016/4/27,1085514.251,1069629.965,1073723.494
2016/4/28,1074205.547,1058740.127,1062435.797
2016/4/29,1080103.472,1064210.815,1070804.761
2016/5/2,1074336.084,1056448.437,1061315.433
2016/5/3,1066728.447,1048283.747,1052514.132
2016/5/4,1066514.331,1047923.544,1052495.772
2016/5/5,1060991.827,1043607.665,1047334.081
2016/5/6,1067379.785,1047601.117,1051898.816
2016/5/9,1074646.39,1055253.633,1060849.065
2016/5/10,1073865.594,1056921.328,1062545.333
2016/5/11,1068000.997,1049320.369,1055441.682
2016/5/12,1063292.799,1042867.571,1049207.754
2016/5/13,1061061.049,1039912.727,1044708.173
2016/5/16,1058247.019,1037105.885,1040025.626
2016/5/17,1052092.601,1035787.322,1039018.806
2016/5/18,1049037.785,1029176.242,1039421.634
2016/5/19,1052637.427,1033606.827,1039791.96
2016/5/20,1050894.468,1031900.774,1038710.727
2016/5/23,1059474.259,1041646.429,1048954.847
2016/5/24,1069273.702,1054487.912,1061988.44
2016/5/25,1071213.942,1054038.682,1061836.958
2016/5/26,1071024.136,1054307.401,1061368.819
2016/5/27,1070748.652,1056348.691,1064090.269
2016/5/31,1065157.785,1051732.488,1057789.828
2016/6/1,1068328.15,1056094.457,1062853.126
2016/6/2,1068687.189,1053871.825,1053202.031
2016/6/3,1075967.215,1062071.12,1062049.126
2016/6/6,1080907.149,1065823.325,1062379.382
2016/6/7,1082264.212,1065793.941,1059207.339
2016/6/8,1079630.423,1063722.095,1054720.997
2016/6/9,1071997.69,1060061.374,1045775.364
2016/6/10,1068780.655,1057167.514,1043282.865
2016/6/13,1058804.877,1048348.296,1032070.332
2016/6/14,1063072.539,1051474.061,1033825.881
2016/6/15,1055042.615,1044305.976,1024992.324
2016/6/16,1057878.649,1047980.617,1029680.86
2016/6/17,1067350.678,1059631.049,1041103.929
2016/6/20,1063931.257,1056658.678,1036772.011
2016/6/21,1064380.321,1058669.795,1039664.589
2016/6/22,1071550.763,1065550.862,1050044.193
2016/6/23,1045881.063,1038345.339,1016588.316
2016/6/24,1025709.419,1017483.456,996151.339
2016/6/27,1035605.749,1025544.142,1006078.071
2016/6/28,1052862.046,1041735.914,1026024.725
2016/6/29,1061061.712,1053631.537,1040770.201
2016/6/30,1070177.425,1062767.809,1050765.816
2016/7/1,1063403.488,1055537.953,1033866.927
2016/7/5,1068418.438,1058867.846,1041428.003
2016/7/6,1080469.806,1065988.396,1053555.94
2016/7/7,1092592.535,1074136.252,1065148.481
2016/7/8,1095922.713,1076112.413,1076605.676
2016/7/11,1096842.107,1076788.547,1081933.003
2016/7/12,1101565.472,1083930.337,1097281.459
2016/7/13,1103784.042,1084635.717,1097782.905
2016/7/14,1102726.706,1082992.486,1099056.716
2016/7/15,1102436.466,1082622.423,1096034.2
2016/7/18,1105831.901,1091538.965,1095160.044
2016/7/19,1105220.497,1089194.052,1092009.845
2016/7/20,1104776.551,1084654.826,1091899.944
2016/7/21,1105431.403,1086299.252,1091882.505
2016/7/22,1104080.445,1084050.516,1091291.937
2016/7/25,1105046.27,1080225.836,1092081.363
2016/7/26,1105653.749,1077575.451,1087421.052
2016/7/27,1106866.304,1079673.312,1087799.055
2016/7/28,1106910.497,1080110.853,1087694.486
2016/7/29,1103634.23,1077867.201,1081564.554
2016/8/1,1100398.743,1077390.468,1081775.935
2016/8/2,1102885.921,1080689.159,1084285.317
2016/8/3,1109382.425,1086651.587,1094318.614
2016/8/4,1110826.407,1086653.021,1100632.126
2016/8/5,1110347.151,1087240.226,1102337.652
2016/8/8,1107282.193,1086745.068,1099155.655
2016/8/9,1111077.645,1090685.326,1102312.693
2016/8/10,1110582.806,1089425.553,1101300.906
2016/8/11,1112234.25,1092822.303,1106321.989
2016/8/12,1109360.553,1089065.056,1104864.171
2016/8/15,1103952.983,1083219.583,1100962.113
2016/8/16,1105007.272,1086298.488,1103813.358
2016/8/17,1103037.811,1084482.865,1102575.933
2016/8/18,1104632.979,1086062.795,1102305.472
2016/8/19,1110831.878,1091524.124,1106548.642
2016/8/22,1104755.228,1085838.44,1099806.614
2016/8/23,1101807.727,1081516.108,1095646.979
2016/8/24,1103778.253,1081288.64,1097739.256
2016/8/25,1104540.415,1083110.876,1098902.153
2016/8/26,1102404.855,1081164.923,1100738.146
2016/8/29,1098643.61,1078246.01,1101420.046
2016/8/30,1092851.174,1076049.105,1100443.763
2016/8/31,1098617.953,1081455.025,1104711.472
2016/9/1,1099163.583,1081397.238,1104301.71
2016/9/2,1097578.746,1079896.966,1105706.261
2016/9/6,1095443.312,1079363.668,1106799.578
2016/9/7,1081209.076,1066233.39,1100295.091
2016/9/8,1078070.507,1063094.093,1094704.709
2016/9/9,1075522.917,1059249.041,1091801.119
2016/9/12,1075244.082,1059269.395,1085140.707
2016/9/13,1076751.564,1064431.739,1088273.786
2016/9/14,1077324.71,1066081.243,1089930.864
2016/9/15,1079509.765,1068757.363,1093334.596
2016/9/16,1081483.454,1069575.532,1093967.627
2016/9/19,1083385.497,1070322.243,1093274.875
2016/9/20,1096131.115,1082336.003,1103304.518
2016/9/21,1089719.103,1079116.882,1096154.469
2016/9/22,1077057.774,1070603.267,1078732.291
2016/9/23,1073798.819,1069327.358,1077906.179
2016/9/26,1077794.964,1074332.742,1083599.877
2016/9/27,1074941.707,1069322.778,1078111.13
2016/9/28,1073124.115,1068529.163,1076157.497
2016/9/29,1071786.942,1064366.575,1080250.232
2016/9/30,1068078.168,1063949.209,1085399.263
2016/10/3,1068711.719,1060939.088,1084495.94
2016/10/4,1066386.419,1038761.634,1085766.245
2016/10/5,1074626.637,1045594.142,1096918.654
2016/10/6,1060922.501,1032913.637,1085820.079
2016/10/7,1057513.683,1031872.557,1082930.467
2016/10/10,1052650.434,1032581.875,1073390.449
2016/10/11,1061139.278,1041619.974,1090580.274
2016/10/12,1055954.675,1035347.611,1083985.43
2016/10/13,1057767.198,1039260.698,1096546.158
2016/10/14,1057132.779,1037914.437,1107235.337
2016/10/17,1055211.197,1036334.791,1110170.971
2016/10/18,1052811.766,1040541.285,1104193.525
2016/10/19,1061583.884,1046628.134,1111978.66
2016/10/20,1056154.652,1045003.308,1111529.956
2016/10/21,1055825.295,1043659.595,1112437.762
2016/10/24,1059933.179,1044039.494,1119745.948
2016/10/25,1046963.728,1034890.55,1114574.498
2016/10/26,1042780.893,1031241.598,1116115.925
2016/10/27,1038015.796,1026201.704,1114261.451
2016/10/28,1031089.11,1021336.853,1108857.255
2016/10/31,1026018.674,1016710.697,1107653.852
2016/11/1,1023189.145,1014784.109,1102765.772
2016/11/2,1039384.814,1030409.827,1123906.776
2016/11/3,1045812.413,1036746.907,1128441.641
2016/11/4,1056727.321,1043039.852,1153460.413
2016/11/7,1069943.269,1054172.485,1199354.138
2016/11/8,1066318.692,1048796.806,1209394.863
2016/11/9,1061775.393,1049802.227,1235184.11
2016/11/10,1056896.215,1050112.98,1238715.792
2016/11/11,1057612.168,1049787.174,1231996.13
2016/11/14,1062797.098,1053369.96,1231717.688
2016/11/15,1070602.918,1050913.696,1241285.284
2016/11/16,1067320.245,1049108.151,1238324.035
2016/11/17,1067681.949,1052869.235,1245050.499
2016/11/18,1064620.37,1053374.095,1248236.21
2016/11/21,1069434.645,1060124.336,1253670.194
2016/11/22,1066404.057,1058593.357,1245370.242
2016/11/23,1065199.456,1061533.916,1256238.431
2016/11/25,1061741.532,1059491.91,1279371.92
2016/11/28,1049969.186,1050455.415,1300080.271
2016/11/29,1045643.803,1048637.522,1302043.825
2016/11/30,1054826.91,1051125.637,1309074.321
2016/12/1,1054198.009,1049199.38,1316588.106
2016/12/2,1057285.688,1057460.949,1330114.174
2016/12/5,1064093.019,1067462.78,1354363.303
2016/12/6,1070071.657,1070725.966,1358234.503
2016/12/7,1074408.762,1076607.232,1356736.903
2016/12/8,1084887.914,1086387.51,1357504.561
2016/12/9,1086212.144,1086378.193,1360490.69
2016/12/12,1085543.545,1082886.614,1374091.647
2016/12/13,1084591.683,1079418.589,1367384.775
2016/12/14,1082877.076,1086187.201,1358121.234
2016/12/15,1083559.369,1087350.941,1372053.412
2016/12/16,1083021.831,1083284.04,1367371.905
2016/12/19,1078427.509,1081019.971,1365893.914
2016/12/20,1080189.801,1080572.222,1364263.685
2016/12/21,1084241.47,1084169.76,1370834.835
2016/12/22,1080449.372,1078185.942,1371558.527
2016/12/23,1078750.025,1075264.898,1357194.698
2016/12/27,1074126.487,1070063.064,1355534.821
2016/12/28,1095831.399,1079349.336,1367188.652
2016/12/29,1098742.839,1080996.228,1363471.389
2016/12/30,1102024.867,1083422.045,1375659.481
2017/1/3,1103999.01,1086053.903,1372976.205
2017/1/4,1102785.199,1083198.68,1367545.75
2017/1/5,1106407.58,1086178.926,1375386.48
2017/1/6,1103749.158,1086160.798,1373466.684
2017/1/9,1106239.494,1087944.797,1379608.665
2017/1/10,1102202.647,1082402.469,1357967.642
2017/1/11,1103986.425,1081353.69,1339961.106
2017/1/12,1101665.392,1081251.008,1335498.039
2017/1/13,1109171.554,1085018.606,1332796.063
2017/1/17,1105774.377,1082950.793,1331535.133
2017/1/18,1099888.355,1084002.401,1340136.934
2017/1/19,1108016.379,1088674.672,1353173.277
2017/1/20,1108424.212,1088274.455,1364772.02
2017/1/23,1110998.429,1097003.27,1360441.013
2017/1/24,1106661.927,1095690.786,1348399.381
2017/1/25,1107642.694,1092168.529,1337717.634
2017/1/26,1109733.439,1091799.74,1342376.598
2017/1/27,1112320.24,1087853.697,1335401.464
2017/1/30,1132081.219,1094122.545,1357117.514
2017/1/31,1131413.778,1097685.502,1366609.007
2017/2/1,1133630.828,1099873.837,1365208.158
2017/2/2,1133443.232,1098480.18,1356626.168
2017/2/3,1138407.581,1103504.518,1365532.985
2017/2/6,1140945.033,1108055.074,1373229.797
2017/2/7,1141985.478,1115855.353,1384782.779
2017/2/8,1143946.649,1119350.917,1392071.637
2017/2/9,1152001.735,1122314.544,1403087.023
2017/2/10,1153110.012,1123980.721,1404326.042
2017/2/13,1154699.424,1118991.048,1391626.556
2017/2/14,1164664.843,1124447.469,1405711.419
2017/2/15,1166687.421,1123338.313,1408999.491
2017/2/16,1172229.224,1128159.472,1411690.776
2017/2/17,1171368.032,1128000.292,1407394.372
2017/2/21,1171860.035,1129502.398,1415635.117
2017/2/22,1171301.169,1130851.633,1418549.838
2017/2/23,1183786.801,1141491.706,1440114.004
2017/2/24,1184061.221,1141638.083,1439253.2
2017/2/27,1181967.197,1138027.178,1437066.203
2017/2/28,1181255.013,1138264.169,1434296.932
2017/3/1,1179984.687,1139326.724,1435528.936
2017/3/2,1178223.88,1141093.199,1434353.932
2017/3/3,1178140.72,1142314.429,1433368.695
2017/3/6,1183173.713,1145813.611,1432166.919
2017/3/7,1179311.665,1143599.361,1432002.351
2017/3/8,1176978.733,1133484.671,1426797.494
2017/3/9,1182817.865,1141991.733,1432958.437
2017/3/10,1181385,1142311.6,1436457.3
2017/3/13,1165635.236,1143135.873,1430940.159
2017/3/14,1164707.953,1140897.912,1421826.023
2017/3/15,1159486.057,1137443.236,1407140.504
2017/3/16,1150382.563,1130128.517,1389915.632
2017/3/17,1150553.614,1131179.395,1389755.777
2017/3/20,1147285.527,1129201.31,1384920.931
2017/3/21,1141048.221,1121059.896,1366346.786
2017/3/22,1143996.401,1126273.553,1376592.396
2017/3/23,1146713.215,1129388.769,1377470.438
2017/3/24,1145998.629,1132413.506,1383905.058
2017/3/27,1146725.432,1131783.368,1381493.001
2017/3/28,1144469.664,1127957.832,1378876.703
2017/3/29,1152789.229,1131558.934,1388056.016
2017/3/30,1148004.537,1127690.013,1379855.976
2017/3/31,1145895.031,1127336.081,1380333.604
2017/4/3,1145181.535,1129694.138,1384579.034
2017/4/4,1138825.233,1124041.689,1378030.128
2017/4/5,1140711.932,1124031.144,1377683.553
2017/4/6,1140330.322,1120817.131,1373311.038
2017/4/7,1139515.505,1120404.314,1377706.257
2017/4/10,1138995.549,1124298.804,1380352.802
2017/4/11,1140471.106,1125043.153,1383647.594
2017/4/12,1138938.581,1128738.293,1387104.616
2017/4/13,1136429.623,1146356.277,1394843.989
2017/4/17,1139117.508,1163122.228,1408588.463
2017/4/18,1144116.126,1169142.666,1421722.391
2017/4/19,1145780.059,1170513.739,1423353.391
2017/4/20,1145351.553,1170793.35,1424093.968
2017/4/21,1143013.97,1184328.921,1423762.407
2017/4/24,1146383.455,1179855.607,1422796.13
2017/4/25,1146561.956,1180524.662,1415400.006
2017/4/26,1147774.252,1178131.196,1416046.151
2017/4/27,1150560.802,1179493.986,1417469.478
2017/4/28,1150901.13,1181046.369,1422138.836
2017/5/1,1154789.299,1181447.282,1425159.51
2017/5/2,1155019.066,1183030.277,1424844.888
2017/5/3,1150309.124,1183399.054,1410242.95
2017/5/4,1150610.424,1181952.958,1411481.552
2017/5/5,1152011.969,1179173.199,1409875.598
2017/5/8,1153323.584,1176571.29,1406123.834
2017/5/9,1153178.081,1179190.649,1397071.156
2017/5/10,1141703.675,1170427.611,1384985
2017/5/11,1133439.029,1168084.392,1382507.215
2017/5/12,1138139.139,1174661.798,1391523.208
2017/5/15,1133586.75,1180465.188,1410616.13
2017/5/16,1138374.768,1184399.386,1413939.067
2017/5/17,1141547.144,1188428.584,1419913.664
2017/5/18,1150221.285,1197096.176,1433806.228
2017/5/19,1151276.984,1201801.365,1437169.863
2017/5/22,1151094.651,1199177.074,1433080.13
2017/5/23,1153931.024,1201217.453,1429541.964
2017/5/24,1153018.309,1201471.434,1432515.116
2017/5/25,1160095.176,1210997.215,1449303.501
2017/5/26,1161713.25,1215572.759,1452089.412
2017/5/30,1161124.097,1212623.328,1446119.722
2017/5/31,1159236.149,1211819.446,1452995.579
2017/6/1,1155354.676,1208723.679,1461208.187
2017/6/2,1145878.345,1204201.353,1459529.054
2017/6/5,1138600.748,1197384.513,1446078.834
2017/6/6,1143285.933,1203512.12,1454325.841
2017/6/7,1141159.036,1206290.344,1466231.343
2017/6/8,1132283.51,1201031.94,1468366.27
2017/6/9,1132972.844,1204611.997,1474850.869
2017/6/12,1139291.906,1212637.521,1481729.322
2017/6/13,1145724.903,1213427.361,1490042.451
2017/6/14,1149571.952,1213931.393,1490857.701
2017/6/15,1160499.506,1216325.098,1506329.404
2017/6/16,1160853.035,1216536.695,1501055.28
2017/6/19,1166403.218,1220465.807,1503332.471
2017/6/20,1158650.909,1211552.528,1500227.144
2017/6/21,1154774.776,1210348.667,1501842.91
2017/6/22,1145022.536,1200155.548,1493337.649
2017/6/23,1148042.231,1203035.484,1496305.973
2017/6/26,1146098.166,1205529.378,1501861.415
2017/6/27,1139485.72,1200696.329,1512229.072
2017/6/28,1139939.039,1205244.344,1516675.555
2017/6/29,1142400.65,1208979.071,1516240.539
2017/6/30,1140910.856,1207136.252,1518417.705
2017/7/3,1150108.892,1214090.204,1527330.75
2017/7/5,1151370.416,1217013.237,1521389.872
2017/7/6,1154835.478,1223886.881,1524391.898
2017/7/7,1155229.177,1225484.253,1530910.3
2017/7/10,1148231.059,1221344.899,1523908.084
2017/7/11,1153222.344,1229865.566,1542715.017
2017/7/12,1162254.036,1231607.803,1554465.295
2017/7/13,1161677.248,1230878.986,1561757.873
2017/7/14,1157639.241,1237142.082,1562871.621
2017/7/17,1161526.08,1238860.61,1565524.065
2017/7/18,1159478.796,1239996.19,1600423.011
2017/7/19,1168963.006,1239532.862,1624084.564
2017/7/20,1170654.74,1234038.647,1625885.372
2017/7/21,1174381.702,1236802.354,1648054.884
2017/7/24,1181237.932,1234558.104,1645462.678
2017/7/25,1173775.027,1237156.233,1643017.615
2017/7/26,1173472.961,1241966.587,1644438.325
2017/7/27,1177507.496,1248063.369,1651608.811
2017/7/28,1174780.266,1244006.003,1651595.408
2017/7/31,1171865.618,1242567.815,1651997.146
2017/8/1,1169314.315,1240458.712,1644803.698
2017/8/2,1160404.997,1232590.684,1631788.767
2017/8/3,1157291.642,1230850.654,1630428.903
2017/8/4,1170510.613,1240931.53,1640058.96
2017/8/7,1174016.541,1241937.821,1645879.32
2017/8/8,1178788.951,1242290.933,1646121.058
2017/8/9,1173155.793,1234157.875,1636702.618
2017/8/10,1156150.866,1220434.642,1626912.434
2017/8/11,1156986.246,1218466.608,1624461.545
2017/8/14,1169764.427,1230335.947,1638767.99
2017/8/15,1172722.135,1231443.287,1643681.174
2017/8/16,1177062.513,1230813.766,1645042.288
2017/8/17,1185244.432,1237038.498,1645317.046
2017/8/18,1182260.753,1236135.726,1643434.798
2017/8/21,1176920.854,1233600.277,1652489.079
2017/8/22,1182468.771,1241651.207,1658423.986
2017/8/23,1189228.33,1248889.111,1667501.7
2017/8/24,1195251.64,1249697.334,1676858.067
2017/8/25,1192769.699,1239778.534,1672718.754
2017/8/28,1192842.277,1240215.433,1663970.063
2017/8/29,1195637.57,1242402.439,1659688.401
2017/8/30,1193908.638,1245096.861,1662029.17
2017/8/31,1204408.865,1258688.131,1679156.309
2017/9/1,1209839.807,1258724.717,1671726.232
2017/9/5,1206148.728,1256224.032,1677406.742
2017/9/6,1203977.629,1251757.556,1678941.875
2017/9/7,1207512.414,1258889.371,1692821.848
2017/9/8,1210778.798,1260590.997,1699792.917
2017/9/11,1212065.065,1255962.926,1690993.452
2017/9/12,1209072.082,1256598.069,1690553.778
2017/9/13,1208267.657,1264098.013,1696639.252
2017/9/14,1208026.878,1266626.719,1683556.529
2017/9/15,1202163.175,1263295.674,1683071.925
2017/9/18,1198881.891,1260730.317,1683055.582
2017/9/19,1193096.053,1256773.03,1688964.976
2017/9/20,1192457.231,1255675.334,1689196.554
2017/9/21,1190363.29,1259070.608,1691984.759
2017/9/22,1197659.323,1270923.849,1704471.224
2017/9/25,1203328.571,1271879.544,1720107.355
2017/9/26,1205017.88,1280135.957,1716386.205
2017/9/27,1208315.786,1281741.649,1721786.411
2017/9/28,1208296.939,1289035.576,1713223.52
2017/9/29,1206232.318,1278402.598,1704885.265
2017/10/2,1201144.08,1281245.31,1705873.477
2017/10/3,1202369.891,1282672.863,1704087.394
2017/10/4,1204560.782,1289673.175,1680565.879
2017/10/5,1203891.288,1287431.915,1694072.735
2017/10/6,1200074.048,1285576.556,1737518.345
2017/10/9,1205780.399,1289483.709,1763669.384
2017/10/10,1207633.323,1287141.047,1753170.262
2017/10/11,1216397.428,1298422.006,1772513.5
2017/10/12,1221753.798,1306849.809,1783768.715
2017/10/13,1212189.821,1305669.579,1786134.011
2017/10/16,1214413.809,1301533.147,1782504.828
2017/10/17,1219630.186,1302134.95,1790200.497
2017/10/18,1207098.778,1316989.746,1796004.159
2017/10/19,1205891.065,1315673.271,1794208.124
2017/10/20,1205712.874,1315567.864,1794036.85
2017/10/23,1206801.964,1316012.481,1795172.27
2017/10/24,1206555.077,1315224.858,1794862.668
2017/10/25,1207431.705,1316389.223,1796681.991
2017/10/26,1207160.277,1317157.403,1797488.456
2017/10/27,1207010.008,1317475.039,1797561.559
2017/10/30,1207379.478,1317797.477,1797817.553
2017/10/31,1204772.721,1314754.657,1791367.838
2017/11/1,1206069.589,1314630.276,1791840.541
2017/11/2,1207230.964,1315710.461,1791846.384
2017/11/3,1205254.703,1315892.633,1789869.881
2017/11/6,1203091.49,1313306.905,1786392.512
2017/11/7,1209285.989,1315239.161,1796661.594
2017/11/8,1207830.297,1313575.769,1792844.498
2017/11/9,1209292.045,1313497.563,1795690.922
2017/11/10,1218409.387,1322111.362,1809027.264
2017/11/13,1217238.566,1322614.865,1807811.138
2017/11/14,1216818.854,1323449.921,1807815.599
2017/11/15,1219640.162,1326374.918,1811842.518
2017/11/16,1226457.034,1333610.705,1822448.227
2017/11/17,1233214.118,1342521.851,1836086.727
2017/11/20,1242011.605,1355810.976,1858004.897
2017/11/21,1239327.726,1353832.441,1856918.966
2017/11/22,1251047.659,1358509.961,1875689.293
2017/11/24,1240046.586,1342578.128,1856021.905
2017/11/27,1235142.991,1338343.798,1849581.677
2017/11/28,1238169.461,1339403.669,1856251.149
2017/11/29,1245996.651,1350157.397,1872989.724
2017/11/30,1251976.718,1356843.619,1873638.351
2017/12/1,1259579.065,1360420.718,1886410.15
2017/12/4,1263313.952,1367055.467,1896513.711
2017/12/5,1262203.348,1366597.28,1900838.205
2017/12/6,1264154.911,1363918.522,1899898.508
2017/12/7,1274717.872,1373111.284,1913895.421
2017/12/8,1270546.744,1367302.856,1912112.768
2017/12/11,1267732.83,1367141.262,1919498.886
2017/12/12,1269497.607,1366389.015,1917581.53
2017/12/13,1263230.835,1358595.05,1907107.937
2017/12/14,1263305.368,1356031.541,1908660.026
2017/12/15,1266073.099,1357645.211,1911632.362
2017/12/18,1268586.365,1362234.644,1914683.26
2017/12/19,1267623.24,1363064.558,1915466.979
2017/12/20,1269956.186,1360191.364,1913771.579
2017/12/21,1283754.201,1372947.289,1922152.799
2017/12/22,1291943.786,1384741.946,1945080.548
2017/12/26,1295381.188,1385685.277,1957498.984
2017/12/27,1295956.341,1383965.189,1967361.859
2017/12/28,1293106.532,1380149.427,1967623.276
2017/12/29,1298339.257,1387623.053,1983359.971
2018/1/2,1310925.679,1403064.848,2016735.722
2018/1/3,1322623.807,1422034.411,2037115.036
2018/1/4,1323165.558,1426529.188,2053740.389
2018/1/5,1329508.053,1437474.39,2068780.358
2018/1/8,1335717.384,1439103.221,2065315.462
2018/1/9,1340386.585,1440928.23,2067707.293
2018/1/10,1352950.827,1452551.037,2082142.751
2018/1/11,1354930.391,1454604.749,2084393.353
2018/1/12,1353699.803,1454749.121,2088577.36
2018/1/16,1360564.339,1467430.28,2112100.909
2018/1/17,1363971.063,1474106.717,2119855.94
2018/1/18,1345419.887,1436577.504,2061813.137
2018/1/19,1346463.249,1444334.584,2107605.029
2018/1/22,1343673.516,1435745.802,2090975.979
2018/1/23,1326389.927,1417226.872,2062448.257
2018/1/24,1288963.515,1366084.902,1972150.134
2018/1/25,1258177.866,1341110.725,1938453.458
2018/1/26,1293316.837,1370646.696,2009000.072
2018/1/29,1259698.103,1338831.885,1960184.107
2018/1/30,1239821.401,1316809.905,1917957.311
2018/1/31,1274012.627,1351072.213,1977767.45
2018/2/1,1272355.202,1351846.65,1977351.362
2018/2/2,1282909.294,1358129.566,1987756.752
2018/2/5,1313608.763,1378723.625,2016429.334
2018/2/6,1330082.454,1395164.744,2037190.731
2018/2/7,1323247.683,1388747.822,2033955.27
2018/2/8,1321758.642,1391514.96,2034745.028
2018/2/9,1311983.576,1385035.966,2027012.374
2018/2/12,1319083.064,1392743.296,2040766.438
2018/2/13,1343788.452,1413088.749,2074514.472
2018/2/14,1348086.794,1415894.241,2089103.405
2018/2/15,1342773.966,1400188.504,2070338.482
2018/2/16,1335312.188,1373418.708,2022396.123
2018/2/20,1322921.283,1360547.967,1985659.478
2018/2/21,1334764.952,1370794.1,2007469.569
2018/2/22,1345610.291,1377099.877,2026964.052
2018/2/23,1341276.954,1372696.109,2010393.383
2018/2/26,1353841.479,1384021.699,2023402.066
2018/2/27,1368066.612,1395110.404,2036570.576
2018/2/28,1379150.757,1402325.897,2037079.438
2018/3/1,1375354.96,1397689.828,2030580.615
2018/3/2,1369888.496,1390113.347,2010554.02
2018/3/5,1370962.617,1389036.578,2007492.867
2018/3/6,1369648.238,1395983.849,2013258.897
2018/3/7,1352294.312,1378090.698,1993756.581
2018/3/8,1357246.8,1380338.276,2005726.266
2018/3/9,1346314.973,1378748.056,2010047.107
2018/3/12,1320025.268,1350316.746,1959682.43
2018/3/13,1300531.822,1327665.169,1933185.269
2018/3/14,1305898.513,1338901.033,1953812.601
2018/3/15,1310454.064,1344200.221,1963165.814
2018/3/16,1293574.43,1331830.847,1931156.014
2018/3/19,1303157.332,1338214.063,1952347.339
2018/3/20,1291527.401,1322383.033,1933776.643
2018/3/21,1293797.191,1328284.679,1946964.522
2018/3/22,1304462.629,1339401.889,1948241.666
2018/3/23,1309430.232,1343385.52,1965810.225
2018/3/26,1320547.86,1351888.083,1966365.178
2018/3/27,1328282.7,1363896.279,1983333.625
2018/3/28,1330411.802,1356852.58,1975634.977
2018/3/29,1340669.004,1367459.413,1990704.8
2018/4/2,1342501.866,1370122.119,1990579.766
2018/4/3,1347129.915,1384482.065,2003035.33
2018/4/4,1363278.882,1409573.037,2052762.683
2018/4/5,1367715.145,1411779.447,2060380.712
2018/4/6,1360972.071,1403427.332,2045873.027
2018/4/9,1352147.771,1397642.362,2032554.364
2018/4/10,1353864.181,1397253.565,2028986.088
2018/4/11,1345803.187,1387455.08,2026968.88
2018/4/12,1324266.976,1371769.822,2010646.477
2018/4/13,1348872.991,1384177.12,2044211.073
2018/4/16,1357612.965,1388270.465,2062881.389
2018/4/17,1360292.146,1386234.892,2052152.196
2018/4/18,1351606.867,1369328.618,2027934.278
2018/4/19,1362660.817,1375821.893,2030518.904
2018/4/20,1357623.607,1362549.537,2011024.895
2018/4/23,1371261.799,1376657.142,2031627.745
2018/4/24,1393182.178,1390894.174,2054646.036
2018/4/25,1393191.324,1380919.402,2043950.737
2018/4/26,1397965.883,1388475.641,2049233.264
2018/4/27,1409907.756,1402937.654,2066089.188
2018/4/30,1414204.394,1413187.104,2081794.272
2018/5/1,1415528.866,1423363.446,2106102.891
2018/5/2,1403067.589,1414901.629,2089447.418
2018/5/3,1413543.584,1416431.47,2090739.657
2018/5/4,1406332.073,1416883.77,2096953.259
2018/5/7,1399443.313,1417136.19,2102825.027
2018/5/8,1406422.581,1432687.556,2135424.465
2018/5/9,1406166.564,1436376.744,2130680.541
2018/5/10,1403302.774,1430456.406,2114381.387
2018/5/11,1412986.374,1434242.596,2119317.336
2018/5/14,1415957.466,1435761.958,2124507.514
2018/5/15,1399611.356,1424013.526,2110559.9
2018/5/16,1415690.288,1433135.93,2124304.627
2018/5/17,1414532.484,1433063.559,2114889.673
2018/5/18,1422447.645,1440047.593,2124875.663
2018/5/21,1439602.313,1455081.591,2144509.73
2018/5/22,1450241.724,1457344.174,2142537.782
2018/5/23,1459082.935,1459495.116,2162812.039
2018/5/24,1457283.582,1466905.753,2174733.25
2018/5/25,1449744.671,1467144.792,2167663.532
2018/5/29,1457722.928,1470114.225,2180354.035
2018/5/30,1462127.394,1469851.123,2177696.375
2018/5/31,1465823.313,1473231.462,2190421.577
2018/6/1,1469294.026,1467919.466,2188482.961
2018/6/4,1465855.516,1457317.368,2175784.539
2018/6/5,1464282.761,1450637.565,2160460.052
2018/6/6,1456602.156,1441100.962,2138242.29
2018/6/7,1468333.163,1445350.385,2149249.973
2018/6/8,1459198.913,1436983.413,2142028.903
2018/6/11,1449435.261,1433633.54,2140216.612
2018/6/12,1428482.683,1419477.966,2110896.551
2018/6/13,1438928.867,1426461.295,2106032.87
2018/6/14,1435473.317,1423460.742,2100592.95
2018/6/15,1431721.689,1413470.34,2072907.505
2018/6/18,1467978.534,1422948.103,2088803.253
2018/6/19,1460719.788,1418895.921,2080339.632
2018/6/20,1465915.748,1430928.694,2096453.714
2018/6/21,1474813.098,1440061.042,2113733.952
2018/6/22,1485371.637,1454191,2135154.297
2018/6/25,1494624.316,1461331.993,2157315.748
2018/6/26,1492804.537,1447871.368,2148846.095
2018/6/27,1512675.474,1460763.153,2163899.873
2018/6/28,1508173.391,1469950.474,2173852.469
2018/6/29,1512869.729,1467715.106,2177340.854
2018/7/2,1505032.887,1466188.312,2139249.35
2018/7/3,1509088.609,1473981.95,2162004.349
2018/7/5,1509211.599,1469334.69,2163212.379
2018/7/6,1506611.742,1485950.687,2157794.11
2018/7/9,1502133.261,1490101.517,2163921.375
2018/7/10,1510658.244,1504641.949,2172448.57
2018/7/11,1518301.48,1518296.469,2168349.434
2018/7/12,1528741.053,1536036.904,2192291.791
2018/7/13,1516903.743,1521858.848,2162774.775
2018/7/16,1492289.645,1512771.614,2138325.967
2018/7/17,1491989.594,1520000.409,2139098.77
2018/7/18,1511915.728,1533452.036,2147493.175
2018/7/19,1519515.617,1530640.889,2149078.924
2018/7/20,1532937.75,1538316.762,2165170.833
2018/7/23,1545338.847,1542651.952,2164482.25
2018/7/24,1557483.62,1550494.225,2180254.22
2018/7/25,1560325.931,1550081.86,2184781.628
2018/7/26,1570168.807,1550178.516,2198884.126
2018/7/27,1565022.228,1540623.783,2180824.463
2018/7/30,1568727.731,1542107.593,2188357.615
2018/7/31,1567058.192,1545960.129,2189731.285
2018/8/1,1565213.419,1540278.051,2172902.294
2018/8/2,1585099.007,1555685.837,2189645.827
2018/8/3,1590338.479,1564081.443,2189061.97
2018/8/6,1603642.28,1572395.048,2188996.758
2018/8/7,1608279.247,1572581.941,2187076.081
2018/8/8,1603977.863,1566410.613,2183307.381
2018/8/9,1608249.315,1576851.45,2184377.686
2018/8/10,1617852.619,1578747.301,2201647.675
2018/8/13,1628476.144,1587303.848,2223395.403
2018/8/14,1631163.168,1595577.111,2242184.285
2018/8/15,1636950.859,1603392.092,2246716.054
2018/8/16,1635336.852,1610215.02,2253977.123
2018/8/17,1639424.365,1610488.949,2249470.939
2018/8/20,1633870.793,1606631.99,2245702.242
2018/8/21,1623945.855,1608894.306,2238662.945
2018/8/22,1619683.894,1611527.275,2234643.181
2018/8/23,1621732.152,1608065.888,2233198.432
2018/8/24,1624817.352,1610075.93,2196232.52
2018/8/27,1633688.83,1610160.433,2175470.865
2018/8/28,1641795.632,1619959.829,2190188.667
2018/8/29,1661797.742,1638942.996,2213741.902
2018/8/30,1661998.337,1638542.121,2217233.814
2018/8/31,1653001.323,1630079.538,2211819.597
2018/9/4,1656772.613,1630683.812,2204618.901
2018/9/5,1652391.385,1627527.051,2211841.266
2018/9/6,1658321.149,1635972.24,2234498.092
2018/9/7,1670617.824,1645277.226,2236273.112
2018/9/10,1665906.207,1638494.709,2237536.969
2018/9/11,1673769.551,1642627.891,2223369.469
2018/9/12,1670708.571,1642433.941,2216387.885
2018/9/13,1681462.136,1648140.329,2220566.461
2018/9/14,1682840.678,1648818.773,2229006.997
2018/9/17,1693672.335,1667542.669,2252842.487
2018/9/18,1684860.638,1667543.902,2266803.426
2018/9/19,1670883.135,1655287.508,2263584.402
2018/9/20,1655979.613,1645016.726,2251042.011
2018/9/21,1638217.449,1637051.971,2230773.585
2018/9/24,1643483.764,1641270.085,2248171.991
2018/9/25,1603818.745,1610131.602,2208323.918
2018/9/26,1558864.179,1572965.148,2154645.972
2018/9/27,1584541.511,1587093.58,2160612.243
2018/9/28,1579596.363,1587987.831,2167787.063
2018/10/1,1592214.367,1604089.199,2219244.417
2018/10/2,1604793.997,1613820.621,2223036.778
2018/10/3,1590234.231,1592057.304,2197988.792
2018/10/4,1589370.597,1597867.416,2195199.476
2018/10/5,1588260.282,1593293.971,2184371.435
2018/10/8,1570132.602,1568329.948,2169737.121
2018/10/9,1560532.241,1555063.43,2148733.33
2018/10/10,1551053.29,1547820.459,2149753.39
2018/10/11,1538560.916,1542520.461,2159696.006
2018/10/12,1535939.369,1542471.054,2143829.281
2018/10/15,1529379.828,1531153.025,2140465.381
2018/10/16,1574391.784,1574449.255,2191178.708
2018/10/17,1579964.699,1571942.494,2193392.396
2018/10/18,1567048.322,1551993.09,2189608.387
2018/10/19,1546559.613,1542012.823,2177922.854
2018/10/22,1554937.322,1558637.217,2184601.393
2018/10/23,1584019.219,1587210.549,2250697.133
2018/10/24,1598834.691,1595533.366,2283461.316
2018/10/25,1577309.739,1581543.914,2273299.678
2018/10/26,1545066.811,1557531.191,2247949.065
2018/10/29,1528724.465,1550211.255,2226122.266
2018/10/30,1519108.749,1533517.001,2199116.102
2018/10/31,1506527.503,1523918.555,2179029.194
2018/11/1,1525691.163,1544460.676,2217434.692
2018/11/2,1502221.489,1536085.233,2209903.549
2018/11/5,1452222.753,1490813.159,2161809.281
2018/11/6,1464130.621,1491643.659,2158726.527
2018/11/7,1451475.553,1476418.788,2139044.327
2018/11/8,1463133.697,1483714.357,2173419.041
2018/11/9,1467031.023,1487634.663,2189421.559
2018/11/12,1518892.996,1514587.512,2257722.548
2018/11/13,1542999.137,1531806.39,2287804.154
2018/11/14,1546043.953,1535810.405,2282042.901
2018/11/15,1582070.856,1564752.353,2320747.618
2018/11/16,1562530.252,1538863.143,2291011.172
2018/11/19,1516633.325,1484516.845,2208423.884
2018/11/20,1517183.518,1485633.659,2209883.802
2018/11/21,1487586.041,1460805.127,2160465.441
2018/11/23,1509041.098,1481052.285,2197431.187
2018/11/26,1528049.778,1494347.261,2222899.869
2018/11/27,1524557.63,1493877.898,2217678.17
2018/11/28,1493661.311,1466534.337,2187991.896
2018/11/29,1458834.257,1441389.164,2134362.668
2018/11/30,1451666.622,1435919.486,2106004.911
2018/12/3,1440266.371,1427083.295,2081402.134
2018/12/4,1400936.624,1396220.541,2024512.853
2018/12/6,1407138.669,1381227.506,2007786.793
2018/12/7,1364789.39,1338968.751,1946848.097
2018/12/10,1386367.373,1350365.348,1969196.38
2018/12/11,1416738.018,1373406.49,1995468.674
2018/12/12,1447591.075,1402267.712,2050876.721
2018/12/13,1458602.296,1407605.715,2059371.499
2018/12/14,1445387.666,1395890.292,2028037.204
2018/12/17,1405731.688,1363831.808,1982202.792
2018/12/18,1457443.312,1396911.031,2009739.502
2018/12/19,1479839.945,1407570.91,2025419.068
2018/12/20,1485888.184,1416051.337,2046572.744
2018/12/21,1476008.202,1408712.071,2038139.895
2018/12/24,1480704.878,1409685.162,2056294.64
2018/12/26,1471120.453,1400119.118,2066968.555
2018/12/27,1486729.448,1410050.762,2092899.188
2018/12/28,1500426.463,1427161.723,2140340.858
2018/12/31,1503479.042,1431526.193,2138001.975
2019/1/2,1526711.902,1449741.246,2165916.603
2019/1/3,1516583.121,1436954.138,2170660.595
2019/1/4,1514551.664,1433344.483,2172793.284
2019/1/7,1504601.387,1428514.434,2180811.715
2019/1/8,1514599.502,1436278.704,2170504.794
2019/1/9,1496776.292,1419209,2152736.882
2019/1/10,1500437.226,1422284.55,2161118.335
2019/1/11,1525930.997,1449347.69,2188210.499
2019/1/14,1549811.913,1459530.622,2189479.86
2019/1/15,1567167.911,1478551.758,2188775.552
2019/1/16,1577275.876,1483700.945,2191467.027
2019/1/17,1595833.98,1510584.087,2221390.287
2019/1/18,1588627.881,1510132.162,2215747.53
2019/1/22,1576263.501,1496181.524,2211576.577
2019/1/23,1571117.525,1492066.265,2178320.579
2019/1/24,1592198.312,1498349.368,2153165.638
2019/1/25,1603120.501,1506266.855,2170249.923
2019/1/28,1609780.478,1519366.873,2201297.29
2019/1/29,1605633.276,1512630.805,2204893.391
2019/1/30,1615894.037,1525042.214,2234463.599
2019/1/31,1617861.073,1526938.836,2247450.71
2019/2/1,1616772.797,1527270.77,2238658.23
2019/2/4,1609393.634,1527342.298,2229499.074
2019/2/5,1624896.912,1540755.391,2239700.973
2019/2/6,1642661.616,1555431.686,2245658.412
2019/2/7,1642646.857,1555135.421,2232860.667
2019/2/8,1644970.151,1552849.106,2182702.673
2019/2/11,1653662.954,1557290.625,2131407.436
2019/2/12,1661398.819,1562778.65,2135642.029
2019/2/13,1651369.098,1565074.36,2116692.694
2019/2/14,1640479.468,1561045.287,2101890.597
2019/2/15,1635124.297,1556422.757,2100944.37
2019/2/19,1623191.843,1541361.596,2087404.968
2019/2/20,1601233.168,1525165.654,2071737.505
2019/2/21,1630083.925,1551686.053,2106008.386
2019/2/22,1648747.984,1572520.208,2144429.625
2019/2/25,1662098.131,1583061.591,2175021.288
2019/2/26,1665887.886,1586353.024,2195066.779
2019/2/27,1674405.398,1595777.782,2193387.033
2019/2/28,1686839.891,1604503.241,2198415.841
2019/3/1,1693442.15,1612488.234,2224519.673
2019/3/4,1686711.298,1611835.969,2202416.706
2019/3/5,1707978.299,1633728.99,2196064.543
2019/3/6,1692032.801,1633481.575,2181878.95
2019/3/7,1659389.119,1614961.804,2139703.706
2019/3/8,1669816.169,1621301.153,2148595.524
2019/3/11,1656740.616,1614858.938,2131788.949
2019/3/12,1661990.194,1617437.264,2123748.429
2019/3/13,1671414.85,1625884.438,2153024.478
2019/3/14,1689887.619,1637574.648,2170838.955
2019/3/15,1697690.817,1645600.625,2164003.701
2019/3/18,1706432.632,1653078.997,2183393.549
2019/3/19,1699533.183,1646533.486,2189941.012
2019/3/20,1703644.376,1653072.524,2196595.334
2019/3/21,1704730.712,1657187.963,2195319.376
2019/3/22,1708845.328,1655106.497,2197792.632
2019/3/25,1709120.222,1654015.039,2158139.233
2019/3/26,1713444.759,1652615.382,2100856.355
2019/3/27,1718894.597,1653027.579,2096964.135
2019/3/28,1722036.571,1652766.739,2099394.108
2019/3/29,1713090.26,1646502.515,2062195.103
2019/4/1,1708873.59,1653798.624,2073650.623
2019/4/2,1708624.638,1658861.748,2104833.871
2019/4/3,1718424.254,1676647.15,2135639.582
2019/4/4,1731174.09,1687460.045,2141338.244
2019/4/5,1730321.522,1699726.691,2136818.31
2019/4/8,1728591.22,1698026.988,2134680.847
2019/4/9,1729263.999,1698756.367,2135111.289
2019/4/10,1728725.495,1698298.775,2134031.177
2019/4/11,1728439.981,1697175.878,2131616.935
2019/4/12,1722907.505,1693329.694,2125702.639
2019/4/15,1725301.456,1696369.547,2128605.164
2019/4/16,1718471.465,1692831.554,2122235.172
2019/4/17,1712270.741,1688553.773,2117248.593
2019/4/18,1709995.423,1687772.145,2113475.821
2019/4/22,1700111.431,1681944.873,2100294.857
2019/4/23,1703453.282,1683848.088,2101760.486
2019/4/24,1689076.663,1672638.929,2085199.687
2019/4/25,1696911.365,1678006.572,2092550.266
2019/4/26,1696925.367,1677905.516,2090189.682
2019/4/29,1720048.282,1693517.334,2117736.218
2019/4/30,1715980.136,1691962.578,2115581.06
2019/5/1,1707343.025,1685976.691,2109135.516
2019/5/2,1715573.715,1695621.48,2121134.956
2019/5/3,1716654.29,1697533.895,2122645.134
2019/5/6,1697150.12,1680888.076,2101758.357
2019/5/7,1707730.312,1688957.115,2117055.271
2019/5/8,1709558.362,1683792.587,2116186.981
2019/5/9,1678779.045,1657734.167,2076426.421
2019/5/10,1684674.524,1666406.247,2087028.104
2019/5/13,1664419.681,1653942.084,2066153.464
2019/5/14,1648555.1,1651422.133,2059462.422
2019/5/15,1665813.689,1663495.212,2075245.298
2019/5/16,1709143.017,1691562.671,2112630.298
2019/5/17,1725456.901,1700897.756,2126581.649
2019/5/20,1751331.327,1725213.469,2152914.344
2019/5/21,1745424.533,1740457.013,2165808.204
2019/5/22,1743782.137,1741050.253,2165807.552
2019/5/23,1738253.111,1735287.424,2155070.795
2019/5/24,1739555.681,1737790.295,2161780.614
2019/5/28,1734148.708,1732528.019,2160308.748
2019/5/29,1732633.652,1735974.461,2165734.373
2019/5/30,1745555.166,1752461.105,2184429.554
2019/5/31,1751602.285,1759349.678,2189189.371
2019/6/3,1778606.479,1775467.08,2214394.232
2019/6/4,1781458.96,1772704.842,2218832.454
2019/6/5,1779458.934,1776385.743,2215490.042
2019/6/6,1757873.661,1763753.311,2199021.916
2019/6/7,1749026.929,1753583.065,2188002.777
2019/6/10,1747332.033,1752855.56,2187446.105
2019/6/11,1747236.374,1749425.146,2180556.758
2019/6/12,1769590.842,1769483.873,2201355.639
2019/6/13,1771709.507,1769257.776,2197472.219
2019/6/14,1790018.979,1786040.975,2221828.183
2019/6/17,1786050.198,1781103.174,2218487.021
2019/6/18,1784645.011,1773660.119,2211543.795
2019/6/19,1802639.231,1786329.149,2231537.429
2019/6/20,1804378.772,1786324.051,2250446.703
2019/6/21,1805990.302,1796043.294,2273832.969
2019/6/24,1813380.154,1804865.798,2285233.192
2019/6/25,1811773.926,1799492.308,2278168.701
2019/6/26,1806256.377,1791181.779,2274463.376
2019/6/27,1799194.836,1783379.599,2259523.386
2019/6/28,1806542.823,1794094.317,2264675.995
2019/7/1,1800246.803,1787869.167,2253855.396
2019/7/2,1804494.243,1798910.863,2257371.727
2019/7/3,1810001.668,1798826.435,2251806.434
2019/7/5,1816803.548,1799354.506,2258701.506
2019/7/8,1818512.585,1801068.366,2261981.911
2019/7/9,1818212.572,1805945.797,2270408.666
2019/7/10,1803203.678,1800268.017,2257189.646
2019/7/11,1789525.944,1790138.353,2242187.397
2019/7/12,1779355.611,1779951.921,2229919.606
2019/7/15,1728269.472,1749947.055,2187404.07
2019/7/16,1669913.916,1703256.89,2128844.478
2019/7/17,1685015.833,1714072.622,2137880.673
2019/7/18,1682338.807,1707553.539,2129777.024
2019/7/19,1719202.626,1739777.036,2168014.549
2019/7/22,1717219.239,1744605.503,2173912.747
2019/7/23,1699160.849,1730695.848,2150005.717
2019/7/24,1712934.373,1745798.46,2158887.955
2019/7/25,1689433.753,1726989.091,2139482.403
2019/7/26,1671670.511,1707277.465,2114181.994
2019/7/29,1688475.648,1728886.256,2137315.151
2019/7/30,1712713.79,1755304.295,2161896.649
2019/7/31,1709732.597,1747746.027,2155749.134
2019/8/1,1728735.218,1753724.172,2164936.949
2019/8/2,1731550.458,1749081.402,2154854.046
2019/8/5,1719956.368,1716569.76,2119157.118
2019/8/6,1712845.429,1708855.255,2112920.476
2019/8/7,1724650.944,1714063.939,2109927.581
2019/8/8,1714125.125,1707405.929,2097282.478
2019/8/9,1746820.463,1741346.774,2140835.264
2019/8/12,1751924.385,1749897.502,2155544.53
2019/8/13,1736075.134,1735454.317,2134230.479
2019/8/14,1751428.408,1750605.041,2144454.651
2019/8/15,1776913.344,1775346.808,2176368.084
2019/8/16,1781902.552,1780013.37,2184125.635
2019/8/19,1772693.407,1773036.941,2180483.631
2019/8/20,1748627.555,1749085.253,2164499.7
2019/8/21,1761719.887,1768909.278,2175377.406
2019/8/22,1783640.655,1787818.769,2197083.777
2019/8/23,1774100.04,1772873.884,2191416.498
2019/8/26,1763555.565,1760538.414,2181683.093
2019/8/27,1763545.228,1764950.934,2175826.309
2019/8/28,1761440.543,1769478.011,2169029.872
2019/8/29,1774698.391,1787903.829,2184097.727
2019/8/30,1772180.875,1784931.372,2178703.977
2019/9/3,1761854.55,1773774.568,2157898.929
2019/9/4,1765853.371,1770721.878,2152933.296
2019/9/5,1768587.439,1767501.71,2141061.32
2019/9/6,1775194.515,1771853.607,2135131.684
2019/9/9,1770189.794,1768029.132,2127972.794
2019/9/10,1774179.546,1780284.485,2130075.835
2019/9/11,1776645.691,1782895.642,2130958.832
2019/9/12,1733856,1739788.904,2094634.101
2019/9/13,1729814.23,1733017.781,2081123.274
2019/9/16,1775666.636,1780697.257,2136677.323
2019/9/17,1756863.033,1762577.494,2119272.937
2019/9/18,1765643.947,1770073.765,2132106.306
2019/9/19,1766809.11,1781235.095,2134638.131
2019/9/20,1797786.756,1808381.093,2175638.122
2019/9/23,1798691.225,1806262.619,2161670.99
2019/9/24,1805960.782,1817102.247,2203473.904
2019/9/25,1794848.734,1810037.673,2198250.451
2019/9/26,1799836.183,1817499.555,2215721.562
2019/9/27,1791519.919,1810663.064,2212322.483
2019/9/30,1795650.558,1819805.115,2214573.807
2019/10/1,1795934.67,1817765.202,2224001.704
2019/10/2,1776887.453,1813503.292,2213429.335
2019/10/3,1786789.102,1828465.058,2220551.816
2019/10/4,1790655.478,1836989.488,2236568.982
2019/10/7,1812162.902,1862119.052,2270639.333
2019/10/8,1815095.459,1864755.407,2277421.659
2019/10/9,1814069.911,1865133.4,2280187.975
2019/10/10,1815202.673,1866526.829,2280297.153
2019/10/11,1833402.321,1887941.818,2296377.719
2019/10/14,1841679.676,1899447.891,2303857.472
2019/10/15,1829065.78,1895411.443,2294679.644
2019/10/16,1830901.415,1890703.019,2288589.765
2019/10/17,1842115.078,1898526.171,2309011.322
2019/10/18,1838976.061,1896371.738,2310264.756
2019/10/21,1842625.013,1902760.916,2309877.495
2019/10/22,1856260.185,1915517.151,2319554.041
2019/10/23,1855287.872,1917114.697,2315656.684
2019/10/24,1844936.236,1920745.214,2305250.013
2019/10/25,1855330.61,1934499.471,2337879.179
2019/10/28,1860973.58,1939448.007,2355924.212
2019/10/29,1872134.91,1946883.242,2361801.842
2019/10/30,1867465.854,1934574.834,2350384.298
2019/10/31,1858114.814,1928784.545,2346800.064
2019/11/1,1853781.853,1933678.378,2347436.879
2019/11/4,1867894.106,1947573.108,2367769.835
2019/11/5,1868846.906,1955908.895,2378780.172
2019/11/6,1876320.278,1964280.043,2380370.678
2019/11/7,1880400.582,1963634.42,2379704.306
2019/11/8,1867295.669,1951807.433,2369598.333
2019/11/11,1837242.464,1916348.848,2327451.672
2019/11/12,1848649.575,1938509.685,2345371.188
2019/11/13,1858054.38,1947109.635,2344250.514
2019/11/14,1879078.384,1969905.467,2362890.074
2019/11/15,1876868.754,1966624.98,2360004.57
2019/11/18,1876879.455,1966758.94,2355582.622
2019/11/19,1877569.732,1971633.973,2360971.923
2019/11/20,1885859.45,1979607.084,2374559.697
2019/11/21,1901606.831,1993389.465,2397039.72
2019/11/22,1928224.299,2018195.895,2431005.558
2019/11/25,1931869.682,2018832.635,2429943.533
2019/11/26,1938274.33,2018257.717,2432582.817
2019/11/27,1942701.306,2018292.575,2443619.272
2019/11/29,1952752.391,2038785.846,2462585.72
2019/12/2,1955403.235,2045711.387,2467130.325
2019/12/3,1956370.519,2046957.724,2468300.011
2019/12/4,1965148.176,2058579.913,2478393.421
2019/12/5,1978816.504,2073445.018,2490794.064
2019/12/6,1966810.015,2061316.429,2477096.148
2019/12/9,1966734.517,2062421.99,2470991.72
2019/12/10,1992497.292,2092415.237,2497457.599
2019/12/11,1989320.169,2089652.092,2482298.455
2019/12/12,2008656.363,2084146.042,2478373.51
2019/12/13,2016427.285,2088111.685,2491368.204
2019/12/16,2038972.871,2118284.065,2517103.928
2019/12/17,2042974.777,2128291.6,2521491.992
2019/12/18,2059390.163,2138053.943,2521575.601
2019/12/19,2072122.704,2144782.724,2520648.223
2019/12/20,2074323.205,2148982.089,2542958.029
2019/12/23,2084357.782,2162535.386,2567085.72
2019/12/24,2098885.942,2176354.824,2581869.031
2019/12/26,2108311.342,2179199.031,2597031.801
2019/12/27,2120179.232,2180904.986,2612621.158
2019/12/30,2102880.666,2174565.009,2608887.305
2019/12/31,2104130.697,2181956.76,2629472.215
2020/1/2,2043956.296,2122006.289,2554505.673
2020/1/3,2063514.005,2148100.591,2573258.506
2020/1/6,2077097.056,2182051.562,2586414.329
2020/1/7,2059940.011,2185002.83,2569010.32
2020/1/8,2035867.174,2160280.147,2534820.652
2020/1/9,2041201.923,2153144.147,2527291.946
2020/1/10,2084393.882,2207174.867,2579252.703
2020/1/13,2086170.088,2225298.545,2625818.212
2020/1/14,2088422.898,2232164.719,2637356.995
2020/1/15,2078412.306,2230926.355,2627007.799
2020/1/16,2076612.975,2229416.919,2617129.63
2020/1/17,2095694.125,2245419.161,2641759.278
2020/1/21,2109881.657,2241201.989,2668652.009
2020/1/22,2103939.245,2237274.419,2660334.126
2020/1/23,2104632.833,2234054.35,2655996.912
2020/1/24,2091401.604,2222215.261,2645529.512
2020/1/27,2109130.162,2238637.41,2666203.71
2020/1/28,2095497.914,2219222.855,2640884.936
2020/1/29,2072139.804,2187130.462,2613303.385
2020/1/30,1980067.538,2079777.569,2484954.963
2020/1/31,1953420.102,2071037.608,2436292.726
2020/2/3,1924359.044,2060124.618,2404161.218
2020/2/4,1865066.406,1984747.881,2318307.332
2020/2/5,1792269.791,1904989.932,2237010.275
2020/2/6,1876996.36,2022553.452,2342615.868
2020/2/7,1905786.433,2052324.989,2384546.809
2020/2/10,1913199.972,2071940.914,2435503.986
2020/2/11,1891535.742,2062945.852,2417810.644
2020/2/12,1827386.832,1989038.408,2338709.692
2020/2/13,1744789.537,1903160.489,2237400.069
2020/2/14,1743044.748,1901257.33,2235162.685
2020/2/18,1739340.809,1898946.638,2230757.786
2020/2/19,1713018.644,1881074.622,2205727.547
2020/2/20,1717694.816,1884436.938,2213384.823
2020/2/21,1717338.266,1884195.982,2212915.823
2020/2/24,1717338.266,1884195.982,2212915.823
2020/2/25,1717338.266,1884195.982,2212915.823
2020/2/26,1717338.266,1884195.982,2212915.823
2020/2/27,1717338.266,1884195.982,2212915.823
2020/2/28,1712696.593,1880342.941,2204618.654
2020/3/2,1712603.584,1880257.196,2204458.636
2020/3/3,1712603.584,1880257.196,2204458.636
2020/3/4,1712603.584,1880257.196,2204458.636
2020/3/5,1711938.657,1879170.814,2202670.915
2020/3/6,1713435.089,1881132.143,2205786.49
2020/3/9,1714577.715,1884202.26,2208764.216
2020/3/10,1694513.27,1865390.484,2187588.033
2020/3/11,1691874.433,1861593.527,2182623.534
2020/3/12,1695769.594,1863769.715,2184829.242
2020/3/13,1745669.383,1924065.028,2248655.809
2020/3/16,1741287.66,1919739.978,2245168.045
2020/3/17,1760911.356,1939119.125,2267596.656
2020/3/18,1749892.7,1926248.525,2248345.243
2020/3/19,1774809.939,1951945.605,2286872.998
2020/3/20,1760750.993,1942423.529,2279025.398
2020/3/23,1765995.159,1953768.325,2298676.987
2020/3/24,1798176.685,1981766.613,2336129.832
2020/3/25,1792825.151,1963358.669,2313767.527
2020/3/26,1752099.391,1918729.774,2254410.166
2020/3/27,1765926.047,1939118.407,2281039.989
2020/3/30,1775687.225,1955864.872,2298334.174
2020/3/31,1774079.759,1955725.973,2298328.169
2020/4/1,1802558.295,1991391.892,2341878.868
2020/4/2,1811661.323,2003323.392,2350712.749
2020/4/3,1828459.814,2022113.169,2372444.78
2020/4/6,1830518.407,2017388.178,2373464.284
2020/4/7,1796916.872,1976978.416,2327470.39
2020/4/8,1786499.789,1963949.311,2315644.727
2020/4/9,1827706.601,2007982.752,2371552.43
2020/4/13,1834669.658,2012061.373,2377515.741
2020/4/14,1853035.029,2010567.039,2380099.99
2020/4/15,1879562.91,2023672.377,2395706.006
2020/4/16,1899676.807,2029427.085,2408207.051
2020/4/17,1902040.055,2026240.335,2413825.153
2020/4/20,1842399.357,1968094.57,2347469.743
2020/4/21,1822618.538,1958327.56,2342042.456
2020/4/22,1846821.716,1995315.842,2388505.009
2020/4/23,1908907.567,2050993.055,2445324.791
2020/4/24,1911393.294,2050030.907,2438203.087
2020/4/27,1923474.29,2059140.263,2444616.905
2020/4/28,1919506.458,2056187.572,2435552.574
2020/4/29,1915596.814,2048561.935,2427297.788
2020/4/30,1941884.41,2089948.498,2468071.944
2020/5/1,1918234.879,2083797.213,2451714.63
2020/5/4,1957715.782,2117325.54,2502920.101
2020/5/5,1929687.942,2107849.663,2489501.275
2020/5/6,1933457.806,2099965.659,2480957.078
2020/5/7,1932686.341,2110333.555,2488554.388
2020/5/8,1954431.416,2138193.121,2510416.335
2020/5/11,1944864.508,2127647.946,2487183.498
2020/5/12,1954731.353,2169374.203,2523927.288
2020/5/13,1973309.13,2180531.797,2545086.633
2020/5/14,1986463.518,2187298.667,2555150.279
2020/5/15,2018046.389,2197590.636,2572211.874
2020/5/18,1957529.91,2115639.334,2478881.316
2020/5/19,1940048.553,2085004.186,2444270.443
2020/5/20,1931859.939,2064842.968,2418762.643
2020/5/21,1989999.64,2128305.828,2499682.191
2020/5/22,1999889.262,2135732.539,2510760.56
2020/5/26,2002469.722,2122522.165,2495188.629
2020/5/27,2014408.126,2132227.214,2514999.1
2020/5/28,2019410.859,2129156.705,2507705.723
2020/5/29,2057210.748,2172802.015,2556429.138
2020/6/1,2020491.578,2135601.816,2517164.474
2020/6/2,2011728.649,2122024.923,2503490.061
2020/6/3,1996203.427,2105283.865,2495263.228
2020/6/4,1977747.399,2095104.55,2481629.067
2020/6/5,2015341.055,2132034.087,2522852.407
2020/6/8,2046088.724,2159504.214,2559028.568
2020/6/9,2067816.423,2176927.668,2578642.058
2020/6/10,2092015.687,2196322.698,2599839.061
2020/6/11,2098153.966,2186221.929,2590836.55
2020/6/12,2104288.243,2184407.245,2587663.808
2020/6/15,2097426.937,2176538.83,2576826.992
2020/6/16,2094409.204,2201713.595,2603128.747
2020/6/17,2047831.469,2175325.606,2579352.463
2020/6/18,2083511.878,2222050.907,2615708.518
2020/6/19,2049099.505,2201816.454,2594613.224
2020/6/22,2055258.878,2206166.707,2605288.477
2020/6/23,2086312.741,2223893.103,2623754.491
2020/6/24,2107148.533,2245843.724,2642443.453
2020/6/25,2099500.966,2246211.018,2639643.187
2020/6/26,2090267.07,2228398.847,2626417.048
2020/6/29,2043796.645,2157924.653,2548123.63
2020/6/30,2041752.862,2155766.738,2545575.536
2020/7/1,2042109.474,2155956.273,2545310.791
2020/7/2,2040937.484,2157684.763,2546308.488
2020/7/6,2037847.452,2154807.654,2541068.851
2020/7/7,2040354.078,2157542.86,2541018.354
2020/7/8,2039834.72,2157236.986,2540245.327
2020/7/9,2039679.96,2156849.755,2539829.089
2020/7/10,2042514.632,2159949.104,2545453.748
2020/7/13,2045402.974,2163916.141,2549957.823
2020/7/14,2045920.176,2164085.941,2550402.614
2020/7/15,2049088.486,2166500.686,2552824.161
2020/7/16,2052346.163,2168777.217,2556103.534
2020/7/17,2051605.711,2170404.883,2556885.967
2020/7/20,2052100.783,2171190.335,2557675.834
2020/7/21,2051125.977,2170275.272,2556358.101
2020/7/22,2051567.574,2170665.948,2556089.449
2020/7/23,2051359.641,2170622.592,2556082.621
2020/7/24,2050687.139,2171002.942,2555627.033
2020/7/27,2049354.527,2169006.039,2552559.142
2020/7/28,2053226.796,2173471.031,2556387.437
2020/7/29,2057386.169,2178927.533,2560526.2
2020/7/30,2061039.055,2183429.408,2565344.982
2020/7/31,2094737.768,2200108.476,2577193.049
2020/8/3,2093921.201,2199068.388,2575963.746
2020/8/4,2094164.526,2200249.563,2576507.601
2020/8/5,2094228.126,2199918.228,2576658.199
2020/8/6,2095151.273,2199765.37,2576267.151
2020/8/7,2094825.763,2199360.386,2575737.182
2020/8/10,2091337.113,2198086.144,2571791.748
2020/8/11,2083712.171,2192532.788,2563078.097
2020/8/12,2077681.335,2187486.366,2554255.435
2020/8/13,2082335.842,2193434.72,2562760.966
2020/8/14,2082127.126,2191151.784,2559274.667
2020/8/17,2073276.205,2183683.921,2548236.401
2020/8/18,2081170.344,2191778.161,2561661.592
2020/8/19,2089494.457,2197375.887,2569172.719
2020/8/20,2088321.943,2195725.279,2568153.552
2020/8/21,2068075.827,2181485.877,2545669.4
2020/8/24,2061039.21,2178516.347,2542312.48
2020/8/25,2043023.98,2150682.313,2501495.952
2020/8/26,2061687.007,2163491.144,2518586.834
2020/8/27,2067063.865,2162266.834,2512452.297
2020/8/28,2065828.118,2160943.643,2510417.131
2020/8/31,2066457.482,2161979.622,2511303.702
2020/9/1,2071810.571,2170195.802,2522162.177
2020/9/2,2070804.443,2168427.12,2519853.495
2020/9/3,2074655.354,2173516.009,2527637.4
2020/9/4,2078729.125,2177416.991,2534188.254
2020/9/8,2069446.424,2171721.995,2523018.006
2020/9/9,2076197.013,2178258.16,2533849.384
2020/9/10,2079764.782,2182021.395,2538532.188
2020/9/11,2084884.841,2190923.191,2546781.375
2020/9/14,2090410.369,2200448.019,2558275.586
2020/9/15,2109041.888,2218443.952,2583288.934
2020/9/16,2108910.443,2214453.64,2582275.915
2020/9/17,2100899.302,2207625.143,2567988.893
2020/9/18,2082522.537,2191512.66,2539757.515
2020/9/21,2098321.518,2208573.874,2572330.382
2020/9/22,2085543.805,2194468.824,2550119.258
2020/9/23,2075005.763,2187236.175,2539090.601
2020/9/24,2072381.828,2185675.72,2534528.722
2020/9/25,2063014.162,2180817.313,2528090.974
2020/9/28,2060719.819,2186002.061,2533819.443
2020/9/29,2030805.089,2147835.293,2483996.627
2020/9/30,2034105.149,2141275.927,2476089.075
2020/10/1,1973177.099,2073197.098,2400488.504
2020/10/2,1962759.481,2062998.335,2380462.81
2020/10/5,1933989.486,2038255.219,2353506.688
2020/10/6,1951079.89,2072431.885,2390033.976
2020/10/7,1980188.618,2112307.319,2439290.649
2020/10/8,2043365.397,2187205.769,2556339.577
2020/10/9,2094770.514,2236568.763,2607127.104
2020/10/12,2087617.265,2224145.301,2582310.294
2020/10/13,2159615.264,2327702.029,2669844.306
2020/10/14,2157455.657,2325374.363,2667173.788
2020/10/15,2158297.881,2325552.879,2667308.61
2020/10/16,2156180.299,2323309.314,2665076.139
2020/10/19,2156694.824,2325008.945,2666795.618
2020/10/20,2162636.49,2329631.272,2672525.487
2020/10/21,2158656.994,2328492.315,2669972.851
2020/10/22,2158968.486,2327590.192,2669493.18
2020/10/23,2148727.603,2319318.792,2658807.228
2020/10/26,2148169.472,2319052.492,2658544.716
2020/10/27,2146074.439,2316694.484,2654772.181
2020/10/28,2155010.12,2325179.718,2668239.226
2020/10/29,2153584.774,2324345.249,2664257.296
2020/10/30,2155803.269,2327398.675,2665205.439
2020/11/2,2147452.511,2319656.755,2651497.575
2020/11/3,2167005.526,2345083.241,2683142.326
2020/11/4,2148621.194,2331886.266,2661232.882
2020/11/5,2157349.692,2339682.593,2671234.672
2020/11/6,2160826.596,2343816.209,2673252.501
2020/11/9,2171889.404,2349810.089,2677822.227
2020/11/10,2173964.727,2352657.427,2679552.557
2020/11/11,2169509.746,2344955.631,2679360.032
2020/11/12,2151237.709,2325790.178,2659581.482
2020/11/13,2139504.038,2310494.676,2645938.369
2020/11/16,2153886.963,2326474.022,2667571.441
2020/11/17,2151878.161,2323342.093,2664032.067
2020/11/18,2164404.715,2333456.683,2678539.952
2020/11/19,2180077.64,2347771.524,2695152.929
2020/11/20,2174930.399,2336213.192,2684132.851
2020/11/23,2173382.372,2321690.24,2664698.59
2020/11/24,2190892.052,2347655.447,2686965.783
2020/11/25,2189400.026,2350571.627,2687027.384
2020/11/27,2186951.511,2351717.706,2689628.651
2020/11/30,2204715.759,2377256.385,2719289.208
2020/12/1,2212208.466,2390047.184,2734745.852
2020/12/2,2208720.102,2385256.172,2730527.022
2020/12/3,2196417.928,2375365.409,2719987.706
2020/12/4,2176341.384,2355001.966,2700356.937
2020/12/7,2162805.113,2337675.542,2687649.121
2020/12/8,2177697.571,2361028.405,2721460.102
2020/12/9,2197122.253,2378273.379,2739838.914
2020/12/10,2186663.611,2365512.424,2729841.808
2020/12/11,2167308.04,2346579.266,2710030.211
2020/12/14,2170014.657,2357763.219,2724561.786
2020/12/15,2162025.822,2351308.509,2714452.571
2020/12/16,2140619.341,2326703.335,2685651.452
2020/12/17,2139991.374,2329244.66,2692107.483
2020/12/18,2181222.572,2369680.192,2722128.456
2020/12/21,2208811.11,2407532.446,2768987.883
2020/12/22,2215451.764,2409473.06,2760161.507
2020/12/23,2212209.303,2401905.252,2744747.142
2020/12/24,2234373.894,2433292.739,2772768.814
2020/12/28,2214114.304,2415137.741,2736119.705
2020/12/29,2225109.74,2427593.439,2758403.522
2020/12/30,2188578.485,2382106.801,2710505.547
2020/12/31,2195386.826,2390011.766,2718369.656
2021/1/4,2235650.884,2425785.004,2760049.102
2021/1/5,2238630.399,2428665.876,2758062.323
2021/1/6,2258325.249,2440122.596,2763469.181
2021/1/7,2279594.688,2454784.22,2776583.751
2021/1/8,2283987.036,2452300.893,2773221.182
2021/1/11,2278327.687,2452388.041,2773822.804
2021/1/12,2263038.584,2448065.132,2774228.456
2021/1/13,2280375.27,2453317.599,2787018.221
2021/1/14,2275717.339,2455138.843,2783169.644
2021/1/15,2288957.275,2458983.401,2779317.996
2021/1/19,2267455.466,2430236.311,2751186.404
2021/1/20,2257558.101,2420708.13,2745226.335
2021/1/21,2264656.895,2426802.297,2750448.644
2021/1/22,2223144.726,2382538.794,2709003.458
2021/1/25,2176176.052,2339382.952,2680682.122
2021/1/26,2197228.558,2359215.186,2699384.977
2021/1/27,2197289.84,2356505.901,2699608.124
2021/1/28,2158949.258,2345959.922,2692272.652
2021/1/29,2169538.448,2379074.105,2728100.7
2021/2/1,2170643.984,2386678.099,2732468.222
2021/2/2,2132466.487,2348094.613,2696256.777
2021/2/3,2101390.325,2317973.733,2670289.756
2021/2/4,2105448.059,2316050.074,2683199.504
2021/2/5,2132971.18,2330599.236,2715798.352
2021/2/8,2160187.323,2360034.176,2755862.642
2021/2/9,2166189.783,2368862.111,2758199.725
2021/2/10,2193717.838,2394918.125,2781289.832
2021/2/11,2170826.002,2371968.85,2764236.792
2021/2/12,2184944.689,2386098.889,2778104.932
2021/2/16,2220745.309,2431787.274,2815893.258
2021/2/17,2203830.282,2412977.226,2802860.878
2021/2/18,2178925.273,2382836.73,2783605.923
2021/2/19,2152251.149,2354341.087,2771363.016
2021/2/22,2163442.3,2369557.286,2789370.553
2021/2/23,2182907.844,2397599.38,2818332.011
2021/2/24,2159136.219,2376082.971,2802913.999
2021/2/25,2121192.181,2344293.68,2774598.663
2021/2/26,2139607.688,2355913.558,2800827.889
2021/3/1,2159769.162,2373142.973,2828239.117
2021/3/2,2146440.783,2351460.688,2803003.149
2021/3/3,2168601.008,2381820.858,2823832.59
2021/3/4,2191705.825,2409737.987,2835145.537
2021/3/5,2223909.405,2449069.534,2872308.064
2021/3/8,2232239.215,2466747.809,2876144.117
2021/3/9,2260719.308,2508006.328,2906178.857
2021/3/10,2278128.886,2526772.36,2935667.342
2021/3/11,2287164.173,2538758.085,2950683.971
2021/3/12,2301334.311,2555846.658,2958740.746
2021/3/15,2295246.853,2549889.853,2953012.733
2021/3/16,2311668.714,2568552.407,2986836.971
2021/3/17,2322379.086,2575280.898,3005931.217
2021/3/18,2320518.737,2578701.888,3008838.947
2021/3/19,2299124.782,2564842.025,3001814.054
2021/3/22,2297252.276,2563950.07,3008392.829
2021/3/23,2307477.971,2564306.016,3003733.872
2021/3/24,2317168.631,2563888.448,2996605.673
2021/3/25,2326929.173,2577671.009,3005270.822
2021/3/26,2329244.534,2580428.362,2997331.254
2021/3/29,2325998.632,2547718.019,2974233.3
2021/3/30,2328297.257,2543205.69,2979774.228
2021/3/31,2306421.279,2521276.62,2963707.108
2021/4/1,2303602.898,2535341.622,2981734.437
2021/4/5,2253158.076,2489600.575,2955826.151
2021/4/6,2254678.729,2490088.172,2961365.931
2021/4/7,2244045.118,2474521.722,2962528.131
2021/4/8,2281859.843,2521503.609,3006308.399
2021/4/9,2261502.493,2492357.29,2998725.4
2021/4/12,2223078.136,2438944.503,2940745.587
2021/4/13,2203117.824,2413463.586,2899927.947
2021/4/14,2218771.168,2435894.792,2920288.753
2021/4/15,2248142.33,2469720.409,2952659.439
2021/4/16,2241478.15,2455559.466,2942713.003
2021/4/19,2242497.469,2452251.71,2939634.963
2021/4/20,2220265.508,2413705.753,2903481.052
2021/4/21,2255752.36,2457774.794,2941449.468
2021/4/22,2263218.469,2464516.234,2959295.118
2021/4/23,2275679.457,2478282.745,2969039.599
2021/4/26,2286443.568,2490058.667,2975700.735
2021/4/27,2287226.359,2484940.139,2973239.199
2021/4/28,2277695.439,2474679.009,2964942.349
2021/4/29,2307320.761,2467147.082,2960464.934
2021/4/30,2287165.207,2454692.886,2945131.016
2021/5/3,2286247.903,2447521.915,2933361.331
2021/5/4,2265976.427,2429042.813,2919868.959
2021/5/5,2290501.773,2461111.679,2951623.043
2021/5/6,2308507.282,2476845.024,2953714.652
2021/5/7,2318161.695,2496241.451,2962142.852
2021/5/10,2316765.545,2499346.332,2970766.469
2021/5/11,2321667.975,2508458.931,2978128.816
2021/5/12,2329225.581,2515044.29,2981213.82
2021/5/13,2342641.13,2529990.226,2982695.691
2021/5/14,2348184.497,2540338.587,2993973.742
2021/5/17,2336174.66,2530520.402,2985116.223
2021/5/18,2344789.299,2544083.473,2985360.881
2021/5/19,2336411.955,2545559.191,2965270.175
2021/5/20,2339267.373,2547932.11,2976095.277
2021/5/21,2361958.877,2581456.603,3010412.389
2021/5/24,2369552.092,2595031.292,3013077.191
2021/5/25,2379457.272,2599745.779,3020301.853
2021/5/26,2409524.115,2607905.381,3026735.487
2021/5/27,2422898.864,2621395.224,3034204.504
2021/5/28,2431583.181,2642253.059,3044721.316
2021/6/1,2437739.247,2653572.124,3045586.878
2021/6/2,2442869.166,2657381.504,3059614.41
2021/6/3,2473337.346,2698983.306,3095061.855
2021/6/4,2495769.16,2725646.48,3111464.566
2021/6/7,2480066.876,2728867.481,3110927.962
2021/6/8,2504041.2,2748919.522,3133688.9
2021/6/9,2506864.746,2764500.562,3149755.742
2021/6/10,2509112.6,2774225.97,3164678.342
2021/6/11,2527313.549,2808008.486,3190196.989
2021/6/14,2514804.993,2803272.457,3177035.315
2021/6/15,2515268.18,2800421.989,3188432.999
2021/6/16,2463998.536,2738885.329,3126770.586
2021/6/17,2492401.245,2768407.452,3153059.827
2021/6/18,2504089.508,2775647.516,3159934.401
2021/6/21,2537129.434,2815981.877,3195656.29
2021/6/22,2564303.001,2840877.985,3212564.507
2021/6/23,2568175.23,2848123.508,3213977.362
2021/6/24,2551995.59,2829533.227,3194224.386
2021/6/25,2543840.858,2819705.632,3190409.599
2021/6/28,2552256.922,2828478.761,3196878.476
2021/6/29,2546091.753,2817473.52,3190661.541
2021/6/30,2550897.851,2831059.456,3207449.736
2021/7/1,2560066.544,2846222.016,3226342.9
2021/7/2,2570557.865,2856171.193,3239996.536
2021/7/6,2584510.313,2860633.015,3229108.906
2021/7/7,2593722.115,2859500.23,3227106.686
2021/7/8,2591676.402,2865385.157,3233649.723
2021/7/9,2590802.27,2870263.528,3232353.916
2021/7/12,2577609.624,2866445.407,3232056.666
2021/7/13,2583531.969,2877777.032,3232055.454
2021/7/14,2614456.852,2909340.835,3259210.669
2021/7/15,2607216.852,2917104.741,3271866.172
2021/7/16,2618974.157,2938384.48,3296440.549
2021/7/19,2623110.102,2929613.958,3292231.848
2021/7/20,2595011.774,2900612.218,3276803.003
2021/7/21,2624255.195,2950203.178,3337951.314
2021/7/22,2661954.489,2980223.009,3364135.432
2021/7/23,2669551.192,2979529.079,3360261.094
2021/7/26,2660004.24,2955463.815,3342503.922
2021/7/27,2678594.144,2941083.872,3324552.134
2021/7/28,2660556.974,2923518.687,3308680.3
2021/7/29,2671015.148,2964341.012,3339455.12
2021/7/30,2666884.526,2972391.678,3340029.815
2021/8/2,2684700.165,2982062.702,3340200.624
2021/8/3,2678489.092,2978872.806,3350629.926
2021/8/4,2673668.805,2980860.357,3354416.366
2021/8/5,2687704.755,2992053.186,3353620.244
2021/8/6,2668458.359,2982226.003,3341422.638
2021/8/9,2669569.909,2980659.887,3336936.832
2021/8/10,2639776.677,2945288.425,3302429.362
2021/8/11,2600932.792,2914149.662,3286039.696
2021/8/12,2585567.066,2917222.211,3296145.253
2021/8/13,2579954.27,2923501.178,3307298.027
2021/8/16,2589463.558,2920530.193,3306920.282
2021/8/17,2582691.35,2905220.064,3285736.159
2021/8/18,2531401.741,2834834.92,3220974.352
2021/8/19,2548196.582,2849731.941,3234963.066
2021/8/20,2554320.333,2867628.103,3236329.933
2021/8/23,2616231.513,2889814.213,3261779.015
2021/8/24,2624734.665,2881270.664,3251510.74
2021/8/25,2607234.911,2849514.047,3231081.752
2021/8/26,2558757.527,2794321.618,3170504.806
2021/8/27,2558402.906,2790789.266,3162529.788
2021/8/30,2552516.007,2786986.275,3155374.278
2021/8/31,2535826.22,2766749.786,3126325.802
2021/9/1,2525961.616,2756579.804,3119841.012
2021/9/2,2524196.752,2773469.128,3130613.377
2021/9/3,2577620.337,2830668.398,3199836.97
2021/9/7,2571070.651,2829584.073,3203508.49
2021/9/8,2567522.418,2827393.207,3203946.499
2021/9/9,2569969.268,2808535.129,3179474.278
2021/9/10,2571017.022,2795049.762,3164068.198
2021/9/13,2615573.541,2840101.195,3240499.482
2021/9/14,2634859.944,2860944.946,3258191.258
2021/9/15,2635899.102,2877304.735,3268048.257
2021/9/16,2666710.235,2917952.849,3300354.883
2021/9/17,2674796.964,2931506.971,3322950.711
2021/9/20,2673797.764,2934959.201,3336246.95
2021/9/21,2685573.246,2945799.114,3329014.046
2021/9/22,2687229.545,2931784.465,3323248.129
2021/9/23,2711391.331,2958312.685,3348243.552
2021/9/24,2707821.286,2991473.55,3389014.179
2021/9/27,2721864.466,3022227.788,3406173.741
2021/9/28,2712749.261,3012190.489,3412726.117
2021/9/29,2732903.382,3025835.327,3425496.045
2021/9/30,2748574.982,3054081.174,3448827.777
2021/10/1,2767123.66,3070727.812,3464935.078
2021/10/4,2781449.198,3067474.213,3460108.287
2021/10/5,2813467.945,3107664.82,3510588.691
2021/10/6,2810654.486,3104553.979,3507078.142
2021/10/7,2810092.993,3103930.69,3506059.294
2021/10/8,2808310.846,3101606.271,3502727.412
2021/10/11,2804252.044,3098716.496,3498555.888
2021/10/12,2804080.79,3099199.598,3500053.357
2021/10/13,2806940.066,3100512.956,3501626.326
2021/10/14,2810309.013,3103788.99,3502562.136
2021/10/15,2809418.593,3100327.878,3497467
2021/10/18,2807689.854,3101008.92,3490963.146
2021/10/19,2811823.748,3100591.857,3484568.097
2021/10/20,2814566.166,3100026.725,3484260.656
2021/10/21,2788805.44,3077773.805,3462189.528
2021/10/22,2782851.805,3080012.944,3464216.25
2021/10/25,2759197.161,3047863.698,3429491.862
2021/10/26,2779547.186,3064228.784,3453910.743
2021/10/27,2762657.141,3045844.249,3431906.769
2021/10/28,2731614.045,3046612.603,3414435.096
2021/10/29,2707418.754,3022114.023,3386901.094
2021/11/1,2705365.507,3029014.735,3391291.662
2021/11/2,2721607.101,3060751.236,3423707.183
2021/11/3,2780118.7,3109354.003,3490897.281
2021/11/4,2783100.223,3113078.303,3500079.759
2021/11/5,2784475.589,3124205.086,3504287.098
2021/11/8,2806905.099,3150787.156,3531533.492
2021/11/9,2815329.901,3165728.16,3538292.222
2021/11/10,2762258.143,3123794.349,3492998.58
2021/11/11,2764858.07,3135237.023,3508808.058
2021/11/12,2785610.511,3159422.352,3542218.15
2021/11/15,2732262.331,3106314.022,3486832.463
2021/11/16,2706807.384,3063076.313,3446098.278
2021/11/17,2748222.563,3100678.447,3490773.667
2021/11/18,2776736.295,3131677.974,3528661.229
2021/11/19,2797020.658,3161288.688,3563792.475
2021/11/22,2822010.65,3182484.718,3589437.494
2021/11/23,2840171.976,3203029.046,3615336.666
2021/11/24,2833484.742,3203900.334,3616943.822
2021/11/26,2837435.056,3208433.701,3621374.773
2021/11/29,2821164.84,3195451.932,3603670.401
2021/11/30,2807290.117,3184858.704,3584160.015
2021/12/1,2718299.389,3153909.597,3530572.787
2021/12/2,2674595.192,3103558.373,3450313.29
2021/12/3,2659728.545,3084500.986,3414376.165
2021/12/6,2603212.856,3036563.667,3373615.943
2021/12/7,2641066.582,3065140.244,3413211.643
2021/12/8,2691168.322,3115353.863,3461313.107
2021/12/9,2657790.181,3095672.668,3432838.53
2021/12/10,2620576.277,3057301.145,3393576.044
2021/12/13,2600447.97,3030826.471,3356347.784
2021/12/14,2595660.574,3029691.904,3363455.775
2021/12/15,2576914.186,3014165.519,3342198.681
2021/12/16,2532311.068,2967680.537,3303567.896
2021/12/17,2447729.522,2864429.126,3202953.14
2021/12/20,2479472.277,2885118.031,3218879.568
2021/12/21,2500368.909,2936134.885,3269791.76
2021/12/22,2509793.753,2948378.897,3278377.381
2021/12/23,2527738.092,2984821.847,3287933.48
2021/12/27,2599310.927,3047067.968,3356554.463
2021/12/28,2617133.091,3065205.811,3362006.501
2021/12/29,2630774.179,3094371.302,3399232.418
2021/12/30,2576455.828,3064366.868,3413753.873
2021/12/31,2560967.206,3028667.729,3375283.274
2022/1/3,2566232.161,3030508.625,3373923.02
2022/1/4,2544859.39,3021894.978,3376028.08
2022/1/5,2590810.675,3074135.58,3439299.557
2022/1/6,2568179.942,3033100.662,3390095.703
2022/1/7,2519544.997,2989296.089,3339342.951
2022/1/10,2477774.728,2944651.524,3281136.179
2022/1/11,2523173.563,2989480.01,3325676.997
2022/1/12,2521141.199,2987823.276,3319013.557
2022/1/13,2495136.821,2958992.009,3299939.199
2022/1/14,2459027.415,2927905.79,3267470.92
2022/1/18,2423782.589,2889197.775,3214547.957
2022/1/19,2401948.969,2867169.983,3199432.048
2022/1/20,2348831.58,2790852.29,3125985.412
2022/1/21,2437401.097,2889004.399,3231449.624
2022/1/24,2449229.574,2896226.57,3251228.563
2022/1/25,2438801.683,2882242.561,3248983.842
2022/1/26,2438648.821,2890148.265,3288708.378
2022/1/27,2449236.431,2914574.249,3316456.55
2022/1/28,2396293.536,2851544.669,3282420.828
2022/1/31,2352887.618,2799329.559,3257993.737
2022/2/1,2291600.916,2745980.941,3186181.883
2022/2/2,2360182.37,2806789.409,3233532.379
2022/2/3,2331699.819,2778564.883,3220878.566
2022/2/4,2340988.275,2783703.187,3233929.72
2022/2/7,2296762.007,2752843.74,3211185.798
2022/2/8,2307551.218,2775692.112,3231781.403
2022/2/9,2368126.024,2839162.289,3282367.152
2022/2/10,2402723.594,2871080.005,3316073.649
2022/2/11,2455996.402,2916557.115,3356881.694
2022/2/14,2473863.109,2938834.357,3375951.883
2022/2/15,2509737.347,2971534.006,3394738.156
2022/2/16,2481270.16,2971987.059,3385206.123
2022/2/17,2485005.032,2983868.151,3406615.162
2022/2/18,2497413.4,3005637.611,3430616.879
2022/2/22,2508437.495,3025908.658,3448154.951
2022/2/23,2574540.316,3083655.057,3484647.601
2022/2/24,2567471.596,3085377.921,3498770.783
2022/2/25,2542887.814,3060012.443,3475768.722
2022/2/28,2514583.336,3027010.33,3431182.601
2022/3/1,2548039.406,3061658.292,3448670.713
2022/3/2,2447243.301,2988948.256,3437821.917
2022/3/3,2438508.954,2982508.96,3455542.214
2022/3/4,2432104.766,2978939.164,3477020.397
2022/3/7,2387696.273,2922698.257,3425501.561
2022/3/8,2389003.815,2908093.424,3390554.373
2022/3/9,2369650.186,2905639.121,3382726.654
2022/3/10,2386781.933,2912115.19,3398876.463
2022/3/11,2353088.369,2874137.484,3351650.624
2022/3/14,2369246.893,2881282.49,3364065.487
2022/3/15,2396883.693,2916219.824,3403801.031
2022/3/16,2381074.457,2921051.755,3400598.08
2022/3/17,2301280.375,2842131.796,3309634.195
2022/3/18,2252173.61,2794459.646,3264420.271
2022/3/21,2232716.593,2780901.394,3261905.325
2022/3/22,2255971.082,2817777.721,3274655.778
2022/3/23,2316136.796,2866345.887,3308593.862
2022/3/24,2298298.76,2852311.14,3273454.926
2022/3/25,2241010.312,2782061.618,3213156.779
2022/3/28,2259084.738,2807161.596,3230300.189
2022/3/29,2283386.468,2843099.679,3254423.162
2022/3/30,2244059.888,2803335.128,3223268.118
2022/3/31,2174018.921,2750731.402,3176877.262
2022/4/1,2136737.886,2694184.742,3127096.069
2022/4/4,2141163.118,2707243.727,3142194.165
2022/4/5,2114361.247,2668197.422,3121620.683
2022/4/6,2055101.209,2574922.505,3022995.506
2022/4/7,2106758.047,2625973.649,3063143.023
2022/4/8,2109108.531,2635988.726,3089878.533
2022/4/11,2136047.621,2680011.346,3125657.808
2022/4/12,2090282.375,2619871.821,3050083.987
2022/4/13,2018568.761,2562598.405,2977086.543
2022/4/14,2016181.417,2550115.051,2982771.549
2022/4/18,2048718.044,2609523.312,3049694.82
2022/4/19,2033472.289,2599622.628,3051362.264
2022/4/20,2047983.766,2617280.367,3078289.02
2022/4/21,2087973.486,2648592.716,3118677.124
2022/4/22,2136377.343,2721762.485,3153683.191
2022/4/25,2146672.51,2729416.927,3160184.73
2022/4/26,2213588.402,2742767.07,3158350.824
2022/4/27,2226077.867,2717815.577,3121510.933
2022/4/28,2236722.531,2713709.033,3124342.845
2022/4/29,2237851.972,2721330.155,3130776.243
2022/5/2,2228149.842,2713618.835,3128930.84
2022/5/3,2254951.967,2740493.798,3142075.802
2022/5/4,2233682.887,2691547.252,3107693.427
2022/5/5,2140607.303,2577429.591,3011708.986
2022/5/6,2043265.478,2470636.108,2911540.475
2022/5/9,2027162.793,2455238.116,2873030.97
2022/5/10,2057331.629,2500913.946,2909675.345
2022/5/11,1995835.324,2438751.101,2848611.112
2022/5/12,1995467.616,2446885.712,2861167.524
2022/5/13,2042430.31,2504129.19,2930765.643
2022/5/16,2036398.264,2518668.177,2973992.538
2022/5/17,2055979.591,2546466.387,3018083.429
2022/5/18,2141540.845,2622416.491,3061692.297
2022/5/19,2160587.965,2645652.106,3096692.559
2022/5/20,2111976.016,2608738.434,3092816.647
2022/5/23,2060134.524,2579946.211,3071986.077
2022/5/24,2020068.813,2554032.905,3060097.189
2022/5/25,2027140.016,2566703.876,3054846.387
2022/5/26,2040425.093,2582283.821,3040043.064
2022/5/27,2089243.739,2641636.893,3106593.598
